dataset,trajectory_id,source_trajectory_id,task_hash,gold_failure_mode,framework,benchmark,source_split,representative_selection_hash,coverage_repair,sampling_seed,final_sampling_selection_hash,final_sampling_stratum
aegis,magentic+gaia_unknown-model_magentic_one_146_7add951f,magentic+gaia_unknown-model_magentic_one_146_7add951f,010a7a7d4b3e43c995b6ec0218a14360cf72792e18763fbef5eb6c1f6ead04b9,FM-3.2,magentic_one,magentic+gaia,train,09f5e64b61f059021d806166ee218d2bd7ab8fe1d14c2f887bb0c833171962c5,False,20260907,f684cf0a8a3a671145f6aee672c8db8aa943cff75271ad63afdb23406efb5a11,FM-3.2|magentic_one
aegis,SciBench_gpt-4o-mini_dylan_288_b994e8c0,SciBench_gpt-4o-mini_dylan_288_b994e8c0,052ced6ce856bd2b521b7a5b3fc4a227d4a668cb3fac797cc74a422c6de527fc,FM-1.5,dylan,SciBench,train,34e9bb77edf94107fadce60c7a7121fe6602d547de22c4c5cfc1a5c7c60954ff,False,20260907,05243dc9afdbe26928a4c26c37acf23a20b804b7c4a0e7a161756e8e329b6554,FM-1.5|dylan
aegis,smol+gaia_gpt-4o-mini_smoagents_80_5af105dc,smol+gaia_gpt-4o-mini_smoagents_80_5af105dc,061a787ce3aa64cecab365491b977f62547ba33e45a30d334cf35ecfe24801fa,FM-2.2,smoagents,smol+gaia,train,2cddce9850101ec86ac767370083ed83813892b8cd0da28dff94a152f8f34687,False,20260907,3811c8d25b0b734e134d5ece7eda00221f79445b46a75f2997880c4fbf07c38b,FM-2.2|smoagents
aegis,GSM8K_gpt-4o-mini_dylan_175_0da23428,GSM8K_gpt-4o-mini_dylan_175_0da23428,0aa68bd3979052251d3ad415791562f4ace75782eb28d2c3c0b633503302238e,FM-3.3,dylan,GSM8K,train,6cd596d85e54101933d26b01f859334d225765c151bb2a830b256f7dad0a92ea,False,20260907,06d4b076b5434c4060a539c73cd7c30f9d53983603b78054e8e7e9637ce48eee,FM-3.3|dylan
aegis,SciBench_gpt-4o-mini_dylan_234_80510ab0,SciBench_gpt-4o-mini_dylan_234_80510ab0,0dc1dd890755d69d187dc3e108462867d4f4dcb718f41f97e1d87a5c9a5de64f,FM-1.3,dylan,SciBench,train,738d46d3bd6e2f8a47eeb99adf9c873f65fcf4c96e2fb98429fa216f219413e0,False,20260907,a861d8a5095c92e06ea2e5eeac8f27295a0af586ca6f4a7c5c314eeda3eb1b53,FM-1.3|dylan
aegis,magentic+gaia_unknown-model_magentic_one_200_afb74c40,magentic+gaia_unknown-model_magentic_one_200_afb74c40,0e3f3d6821f4ba7c095a612d4254bd469d3fced66bdc887606809f9f4e1559cd,FM-3.1,magentic_one,magentic+gaia,train,5d141b38b698c58fea3e88c62f07bbda2a9f19119c56a206fdffa28ece68ef55,False,20260907,d4fc07b4fb68138ab91e11cb7c7b77eb719fba76f2684b140954a94323bfa8c9,FM-3.1|magentic_one
aegis,GSM8K_gpt-4o-mini_dylan_296_ffd97033,GSM8K_gpt-4o-mini_dylan_296_ffd97033,0f3c977a84af7bd3036ec910fbe6cf18d942c1c8bc24846329902ab710919a83,FM-1.5,dylan,GSM8K,train,19d42e1e0c3502e89ed6ddab2adf99f8e27cf2f8d6ba715fccdc5ecd7cb2bb0e,False,20260907,875c62a6dad33b18568801c2c13fa6e714ff7183259767272fa53c31f9301d68,FM-1.5|dylan
aegis,GSM8K_gpt-4o-mini_dylan_126_1ae7fb2a,GSM8K_gpt-4o-mini_dylan_126_1ae7fb2a,1070c2f80a5298720804773a93f11b5415ccb6d882b636aa2b6e2afe459cdd06,FM-3.1,dylan,GSM8K,train,cb02a0d7d428cd9cc8ddc62fabdc27491f81ba0bdbfa4f325d0bc31968b04f08,False,20260907,185b01f5945e8f2a962c781366c32b3bd305f4c795ac12d1e1a73a2c7b51104b,FM-3.1|dylan
aegis,smol+gaia_gpt-4o-mini_smoagents_332_b95823b5,smol+gaia_gpt-4o-mini_smoagents_332_b95823b5,1359c1cc32876b30ce01419af42f92d81cc14df6b37e17d45eb84b5acc7b08c5,FM-1.1,smoagents,smol+gaia,train,7c69882dbb53e6cba63f9fbc77d7ff1b71053fe0b13bec1795c75f92bfebc530,False,20260907,642493a4bfb4b0d7f6dc6b833852a530158a2ccac53adb136df9b7f3fbe8a6b6,FM-1.1|smoagents
aegis,SciBench_gpt-4o-mini_dylan_204_013af920,SciBench_gpt-4o-mini_dylan_204_013af920,154b52f94d3330d604fc49896b673565ec72d125ef8e66f0250f21ff7904914f,FM-2.6,dylan,SciBench,train,00e78d935e7048debfc33c085cc9ca357bc5561378e83e86adf35658b11515ca,False,20260907,8bc26c77e7b2bb2e5d0943076c36f4460cd307d408eb91e7e9d5276ee2f60920,FM-2.6|dylan
aegis,MMLU_gpt-4o-mini_llm_debate_235_30987cb3,MMLU_gpt-4o-mini_llm_debate_235_30987cb3,19542c98aecff2d2ecaf38fa9599dd1992ac5e2e738ba37c09f0fac4a5285564,FM-1.2,llm_debate,MMLU,train,3e810b9d76ffbc739963225c875aff50afa99204f26ae88627ebf082dbfcbf66,False,20260907,59e61d7eb8eb47a471ecf1bda4ba5441b1b586351ff712f9f51576367575c07e,FM-1.2|llm_debate
aegis,MMLU_gpt-4o-mini_llm_debate_112_adfbf671,MMLU_gpt-4o-mini_llm_debate_112_adfbf671,1bf5cdfded2dc195e4eff4d85c716dcfe87b209303af87ef20989742345a35da,FM-3.3,llm_debate,MMLU,train,8360fa28cd29370a99619cfa63d743215f3928cb1e65a1d5617e38699b852e46,False,20260907,4cbcbdec14dfceecba4f6aa8ba116924a6301f912baaf1eb8ecd81465160c410,FM-3.3|llm_debate
aegis,smol+gaia_gpt-4o-mini_smoagents_148_0b78cbf0,smol+gaia_gpt-4o-mini_smoagents_148_0b78cbf0,1ffd1afe18f32d8103d56654c78bf3f6e169f24c4b89bab993aab3a017022b07,FM-1.5,smoagents,smol+gaia,train,16ff64677b5582e62cb59d9cc3aa1f3a01a5b0c0c3d0f8f17162e27d29d92152,False,20260907,c3a753ddb31055a129127db378bb53a9d5330e360de69fe7cc9f6d17bc284b92,FM-1.5|smoagents
aegis,SciBench_gpt-4o-mini_llm_debate_166_1ba6b342,SciBench_gpt-4o-mini_llm_debate_166_1ba6b342,203b54065ebefceb51b63fb8c8d44edbab0ae524aec2911bd2b9777b0736d3f4,FM-2.1,llm_debate,SciBench,train,2937e06875d995cd5050a876a33fd8083544182d48848ba77b258f8d92d088a4,False,20260907,a2102a0a72e5eb23f7aaf683d4a12c09f640651840e3a5b5d3037f41fb6deed7,FM-2.1|llm_debate
aegis,smol+gaia_gpt-4o-mini_smoagents_121_d3a4eeac,smol+gaia_gpt-4o-mini_smoagents_121_d3a4eeac,233bd2df14bb6a3f2bd3d7d791d0ccde2521a21b6320a2bba270da2fcf0fc0fe,FM-3.3,smoagents,smol+gaia,train,0985485c16518969229315c97667f7628ae797d51b4338d402e2a8c4b229aab8,False,20260907,044795bdb772a1567414a4c24b28ad8a1e2cdc493f9e89741e1d1ceb3b46956e,FM-3.3|smoagents
aegis,SciBench_gpt-4o-mini_dylan_273_b07fef07,SciBench_gpt-4o-mini_dylan_273_b07fef07,25ac4990207b0ee640ebcd5c7f2f31bb75497c38822b9a2905a62e238dc7c5bf,FM-2.3,dylan,SciBench,train,23539bc0567e12864ac72f86b140a5566fdf973f06c463c9657aca6ffd83f533,False,20260907,1bfbaf66c5ed1c5f027616fe3461198516b6b5df71277470711fce4af54eecd5,FM-2.3|dylan
aegis,HumanEval_gpt-4o-mini_llm_debate_189_79ad3300,HumanEval_gpt-4o-mini_llm_debate_189_79ad3300,2ffd4f475e7fbe32b636a57d40751aedd393c3a1096cd6a1edaef3981d7c8564,FM-2.3,llm_debate,HumanEval,train,04732a4afc75647154e26cbbc11b7f8f09e5ce6f4e3ee5ad13885a1286a8b82b,False,20260907,bb60b9cc6b1da7155ba0b76fe745222b98d31b5e8788649bfbbd84916fb26c63,FM-2.3|llm_debate
aegis,magentic+gaia_unknown-model_magentic_one_92_e1864031,magentic+gaia_unknown-model_magentic_one_92_e1864031,319894ef2e18db1c8205a6eaf474398d295548a7736adfdc05f7c8d59d088217,FM-1.5,magentic_one,magentic+gaia,train,2653f55ff1745a3d98010db596a4c6641de120b1fe74e7abfca6fdcbf05fb2c9,False,20260907,9c2d5dce1c62b80f569dc877f883d490e4f3d04dc79de967b3bdbf144cccee6e,FM-1.5|magentic_one
aegis,smol+gaia_gpt-4o-mini_smoagents_24_78740a29,smol+gaia_gpt-4o-mini_smoagents_24_78740a29,32667fa1ad877037bed8f0398ea08170515b63d1aba4714c10dc1543f0f72180,FM-2.6,smoagents,smol+gaia,test,047a8411fe18860c6729ae5def2433c4e4eac220fe557e0c6d74454bba9ca247,False,20260907,4fa4d75b9ecca53fe1bc5c731a509499d3a59b8d0c9896793903855bb12f296f,FM-2.6|smoagents
aegis,magentic+gaia_unknown-model_magentic_one_16_2eba9a2e,magentic+gaia_unknown-model_magentic_one_16_2eba9a2e,356b8ea584528d328ecc1d577c4b2e203cf38ed926532ac5fc0f30c8a40f1283,FM-2.4,magentic_one,magentic+gaia,test,1c4b518924d54e9050371029531038b1be26a6963e69f26e9113763b73eb8560,False,20260907,a5fb7116446da4ecb233acd6bb1cc836b503fe5d37aa157003fd14114f765759,FM-2.4|magentic_one
aegis,magentic+gaia_unknown-model_magentic_one_82_63f9dd01,magentic+gaia_unknown-model_magentic_one_82_63f9dd01,36c64f97ee09a0b1bea977cf3320376077882197d720deb22e429308c0b00592,FM-3.1,magentic_one,magentic+gaia,train,1bfc359bfdc6a93f105cf9c8a72c76890e541aebaaf03c038e99e7a49fca385f,False,20260907,2f548ebafd18a4cbd0aea0485f69aeb88ac80800fca16adb2a57a4f2a3c992bd,FM-3.1|magentic_one
aegis,HumanEval_gpt-4o-mini_llm_debate_188_577de0d5,HumanEval_gpt-4o-mini_llm_debate_188_577de0d5,3705edce076dd10a274c837a15bf688a69bd9c342a0576cabb0cb02ab7c53446,FM-3.2,llm_debate,HumanEval,train,d3859fbc1356d8ee6af17720dbe5f38c1f4306b348441cca13d93c8cb4eaba46,False,20260907,925bdcad1e6969b7a926605a3681c4dcf7398763974d1c638c4c882feab4f358,FM-3.2|llm_debate
aegis,SciBench_gpt-4o-mini_dylan_190_cbb3f7eb,SciBench_gpt-4o-mini_dylan_190_cbb3f7eb,40cdb66cfcb489c8bc44860e412dfbc0f968cfb1152cf2b50e30424cca5368e8,FM-3.2,dylan,SciBench,train,109f95444204338c99f17191540e1a83155400e6c0f4c9f339e6f67dadf7cd58,False,20260907,6d070f1a06dcf2a4e01c832ec5ef52b5b9c9beed5e4204f67f4abe9771cbf20d,FM-3.2|dylan
aegis,HumanEval_gpt-4o-mini_llm_debate_89_3ec4bdeb,HumanEval_gpt-4o-mini_llm_debate_89_3ec4bdeb,417c9ed701884d14aff5ce42047f77711731af279eeeba3d3b685b92a8f29adb,FM-1.2,llm_debate,HumanEval,train,2115c1e98000266cf2d89482579c843103bfafdf47b2a9f68a8ae4a17de05111,False,20260907,cb243d309560f2e67b8346de82c3c1a14e92bae5520e9b084aef6dc1a948624c,FM-1.2|llm_debate
aegis,SciBench_gpt-4o-mini_dylan_194_c893f8fc,SciBench_gpt-4o-mini_dylan_194_c893f8fc,41c7b1d0dde937df67ae44193b6a952a0c81be02f84182f2b9be97697f1995d5,FM-2.6,dylan,SciBench,train,3732e973aa95a675a2beb80dee5cf0e917d720385e3dd17080d4947bb57620a3,False,20260907,3c017b944d0d0f3de8ba702dfcdd0d96ff797852b36dcbde261d34f6e064bb34,FM-2.6|dylan
aegis,SciBench_gpt-4o-mini_dylan_127_ff4f21aa,SciBench_gpt-4o-mini_dylan_127_ff4f21aa,47e400d40e2751be465549c96b656ab6069377bbb0260e0e7b0461772241d7e5,FM-1.3,dylan,SciBench,train,020f4e6b7478fcf0d290d79af97a9d034fe20cf26b48b7374c0bdea66a4a5c4a,False,20260907,8a4e29ac95ac67501c2e8f46003f9032b33b79add730b761af0971dba8f29ca3,FM-1.3|dylan
aegis,smol+gaia_gpt-4o-mini_smoagents_117_d6626822,smol+gaia_gpt-4o-mini_smoagents_117_d6626822,4cd0919f95307894cd8719806fdb0818b0dcb27c22ff8bfbb035ba98fa310d28,FM-1.5,smoagents,smol+gaia,train,106e0dba7e8ff103a87dbc74b888bc0c77958059588cb6804ac44ea601830a77,False,20260907,4755f0ac7ad83ddc3bc53e663277d749c8e6dfb277f1c487b95fbfe8be67ff6d,FM-1.5|smoagents
aegis,magentic+gaia_unknown-model_magentic_one_27_044441fa,magentic+gaia_unknown-model_magentic_one_27_044441fa,54cc332919e409d0b4bd6f15c87c95073db0cd3fa2b321dd2475ac610f94c569,FM-3.1,magentic_one,magentic+gaia,validation,051a9f01a5ba542f92812c6dc3fd4bf79e1ac49f924e76ea60c84a224a9e0df8,False,20260907,06ffbfe0e428a6224b0ab1fbba71772c77e5fb9ac71bda04d31f90d777a765df,FM-3.1|magentic_one
aegis,smol+gaia_gpt-4o-mini_smoagents_228_8af65b79,smol+gaia_gpt-4o-mini_smoagents_228_8af65b79,566793843fd51dcc2af5167a2802710cdce7381c1d2fb2b261c093c0e0f0d69a,FM-2.2,smoagents,smol+gaia,train,06b61d9706fdad448b7889a9a35ee75ee3acfbc40ebb846728fd2d2333392888,False,20260907,b60f545dabce63e92418dcab4e1666317152aa688a21a1a5e0434e338e05911a,FM-2.2|smoagents
aegis,smol+gaia_gpt-4o-mini_smoagents_59_cef35900,smol+gaia_gpt-4o-mini_smoagents_59_cef35900,56a7a534c6735d76df67198405b9a8bd0daa581fc03220ebc5d3a85047aaabe6,FM-1.1,smoagents,smol+gaia,validation,3b64fe1663989a098db15f2f9d9f39ebed8fe23384882b358193b09f5793f8d5,False,20260907,cf36f3563966843cb78771d765150cfd4cda8aaf110fca9b678e3df6ae633244,FM-1.1|smoagents
aegis,smol+gaia_gpt-4o-mini_smoagents_69_0836171f,smol+gaia_gpt-4o-mini_smoagents_69_0836171f,570cd523a0e5a3f6114609a2409ab15c57697c29f49c02609cf7b35c50b173ed,FM-1.3,smoagents,smol+gaia,validation,03c79168dc297aa707b8b02ed73e8f9c729f17cec0a43e632b331f11d534f151,False,20260907,082dd8fb080b672d0e9b3931d6f4a4f02d87493cc348931447d6a8e4e311caa9,FM-1.3|smoagents
aegis,magentic+gaia_unknown-model_magentic_one_46_11fe20be,magentic+gaia_unknown-model_magentic_one_46_11fe20be,5805b216c414fd71f4fd2b4dfcd6b75dc8a09bed4347ae387b8c559ce3cfa459,FM-2.2,magentic_one,magentic+gaia,train,214087e07e81812d69fd55cedf0e3ecf7e93519cc1f028b58811b052086d5811,False,20260907,c2e03349a61e8b9476d6305575cdb105b73c775a3fa6d7074b172cfbd4bd08a5,FM-2.2|magentic_one
aegis,smol+gaia_gpt-4o-mini_smoagents_265_e9b65423,smol+gaia_gpt-4o-mini_smoagents_265_e9b65423,5f9d8073c94b0b0a260985e4d66539a63e1b651a142a1c1a1601656fc955128d,FM-1.4,smoagents,smol+gaia,train,6982cbf3dc93daba76697f227df2fa185dd5daf04291010d777da8b67de7cede,False,20260907,a3f3d9d81eaee842be7b281fd2229b3d2207c54aeaf8fcaef96dccefeae276f8,FM-1.4|smoagents
aegis,smol+gaia_gpt-4o-mini_smoagents_314_223c280a,smol+gaia_gpt-4o-mini_smoagents_314_223c280a,6076de6c80f6eb12e0788dbae83d0b5de893e74aa0cbaeca3085b2536504d876,FM-1.2,smoagents,smol+gaia,train,17b3d8ccb2c0fd21310db28631f3523d8ad18f5c5c36bf608312042138565213,False,20260907,6bc10835bec0247b2654b916e7681a420b94c848d87e791301e7dbc3b67fe935,FM-1.2|smoagents
aegis,SciBench_gpt-4o-mini_llm_debate_394_82d4dd78,SciBench_gpt-4o-mini_llm_debate_394_82d4dd78,639f27addf642f0c301360bf3109986f8a426de0a365647c08228f60b462cfb9,FM-2.1,llm_debate,SciBench,train,1c0e2d28800e060d416baa0322a6e6fa590b1aa6436d40fca1dd5445ad8ad987,False,20260907,db54e976d02966d4391d07d87b2de02089acd714fe6ad67a5a4471a4df5b2d64,FM-2.1|llm_debate
aegis,smol+gaia_gpt-4o-mini_smoagents_227_1c362779,smol+gaia_gpt-4o-mini_smoagents_227_1c362779,63d90c00efe12208b16ba7d85d14af348db8c2f2b3b52cd4319390c4444c378b,FM-2.3,smoagents,smol+gaia,train,0bd0853292e6bfd94ae5a70a4382496bcf759960c1ed5462f9efa1134cd97cbb,False,20260907,68b9e475081244a1034c597c036276027bbb3dc603434135d71cbe2686fee118,FM-2.3|smoagents
aegis,HumanEval_gpt-4o-mini_llm_debate_264_22f333fe,HumanEval_gpt-4o-mini_llm_debate_264_22f333fe,6d590205867a7577346310fe8cba6e45655e25a7ef57acb964a6d34b02363081,FM-2.3,llm_debate,HumanEval,train,3d94530cc1d2577d8bb9db4ee2aedbba1ca1ea36ccb75d0e9a134eced0c3dc62,False,20260907,04d75a28bb77201e7da0cd4a9091a9186a70edfc065096e6501454f9c28368cd,FM-2.3|llm_debate
aegis,HumanEval_gpt-4o-mini_llm_debate_12_bfa0841c,HumanEval_gpt-4o-mini_llm_debate_12_bfa0841c,6dde5c311a83caad26ca80e7e914c596b9cb6e8467630530600e21c98d547c5a,FM-3.2,llm_debate,HumanEval,train,b26c860460ec6719d9ef5500709c737391345fc20f14b3f8b7235a900b75cdf5,False,20260907,c568487e783f975455dace153f616fe595386133187fce8c85830802057d6d1d,FM-3.2|llm_debate
aegis,magentic+gaia_unknown-model_magentic_one_151_074aba77,magentic+gaia_unknown-model_magentic_one_151_074aba77,708eeb2dcd4d00d0c801fc229fbdff7b68f7e1ec853de89f6db04b5d598c1085,FM-1.1,magentic_one,magentic+gaia,train,00152974cc2b193bcbf905a4b6795564f880c68f4149b2b51b2528f5c22729c5,False,20260907,a83883b869c448e8fe139d3ab72941f04c2a8072890ea9eeaddee87306dfb160,FM-1.1|magentic_one
aegis,SciBench_gpt-4o-mini_dylan_1_01806936,SciBench_gpt-4o-mini_dylan_1_01806936,71a91fb76fd21e57c07ee396cf66d366a8674a4180c842a43b794d36aa0eab21,FM-2.4,dylan,SciBench,test,129ebea1321c125337d5cf5b1c17fe62b7f62b4d3556a45b3cc4b945f27bebc5,False,20260907,8f8d2369f466c6e3c09c32af3c161ba4896184a74b243740160147e1629208eb,FM-2.4|dylan
aegis,magentic+gaia_unknown-model_magentic_one_41_f65739f8,magentic+gaia_unknown-model_magentic_one_41_f65739f8,7238b513f178750360e32c7d2b87c32204be71dad38f8389fd18a032663bf5b8,FM-3.1,magentic_one,magentic+gaia,validation,1a05a8736c80b4e98f8fe19967f9e2f7f0460881597bf8038d94009c7e0d8ff2,False,20260907,ddfa966abe0eeabdceae1764b4f8636416a7a95ddf8c3448c53af214427cf2a3,FM-3.1|magentic_one
aegis,magentic+gaia_unknown-model_magentic_one_86_08736994,magentic+gaia_unknown-model_magentic_one_86_08736994,729384c416bb9a7a49f4e21a30d06fbedac3da8f9f3644ad16405d20b5a099b4,FM-3.3,magentic_one,magentic+gaia,train,0151cfd359ec635c6d2e66f433da1821510af52beeb30830e410412f65b91ca3,False,20260907,f301d891e679ff7c8fb6e09d869127aab3161a675a194283a9cf763fc50f28df,FM-3.3|magentic_one
aegis,SciBench_gpt-4o-mini_llm_debate_46_75abdb9a,SciBench_gpt-4o-mini_llm_debate_46_75abdb9a,765798e5a615e42d2c47da38f5088d07280a924eb4b2fb825c3a64e769ea5d74,FM-3.2,llm_debate,SciBench,train,26af1516673ca53913d2b6d3a98562c070c99c6b8b1465fb340d841913ccf75d,False,20260907,a3b5d7658f3653f9f5ef6130a71440907af7effd2153eeebe501a4b4599f5a0a,FM-3.2|llm_debate
aegis,SciBench_gpt-4o-mini_llm_debate_168_86672e92,SciBench_gpt-4o-mini_llm_debate_168_86672e92,77e6433d7d23da6e8aecb7b6894981718ed63ccdc580105d754027143d2a2b52,FM-1.5,llm_debate,SciBench,train,55edd3127675996ee6fd05d99f25cc9da89ece26be50fc672fda501b26a9fce2,False,20260907,dbb6c8fff80deb13ffdf6fb3f0b2f295422c806521b65193e9434af64bc44e29,FM-1.5|llm_debate
aegis,smol+gaia_gpt-4o-mini_smoagents_251_f04fd9ae,smol+gaia_gpt-4o-mini_smoagents_251_f04fd9ae,7a2d441e7b205a98c5c12708326ee6b921cc5a628d762b372254d45ac87a80c9,FM-2.5,smoagents,smol+gaia,train,1186a9ac6c7859e6b480596d53cfd3429940cfbac40203a24b2c217bf92aed19,False,20260907,8b570aab8581454f1a937422eb435c89309fd6bf1a3251dff015d5e5ed2b0b09,FM-2.5|smoagents
aegis,SciBench_gpt-4o-mini_dylan_97_32e4dd70,SciBench_gpt-4o-mini_dylan_97_32e4dd70,7d629593940a1750541285731e8f0a6d1d584e9038b53b90e141889524df933c,FM-3.1,dylan,SciBench,train,05a5e434397d12da0fbb07513e285470b17881bd9d747ed87b87560fec0a5da3,False,20260907,56c6d70dc5306b088c567a0f7a5572599f3539d34075ef70ba7fbd765a4b320a,FM-3.1|dylan
aegis,SciBench_gpt-4o-mini_dylan_325_cd289ddc,SciBench_gpt-4o-mini_dylan_325_cd289ddc,7f6abb7ded7102a06258e17fefc028b055443a1e028a9cb60342eb3dda917afd,FM-3.2,dylan,SciBench,train,0b8a4c4a0c854a2c10729517f061ff63b0635db3f6a5ed9e21361b04c4fbed7d,False,20260907,f4aee18c2a142fda00986af199d076a697650f547eba262913d9c78904dc6e03,FM-3.2|dylan
aegis,magentic+gaia_unknown-model_magentic_one_96_684123bd,magentic+gaia_unknown-model_magentic_one_96_684123bd,7fa0c5cfbf4c6bfc84b1d021000f7d0fb5816825ffed1d11573ae33dbb187f07,FM-1.1,magentic_one,magentic+gaia,train,62752bf5bd89b011deb23b26254f24da265c3b263e9ffdbb5001fc3ae4f532aa,False,20260907,5f6a9e3932b5689603d84fb430c95904beb3b5dd8d9308ba3c51ff7cb4d7ff12,FM-1.1|magentic_one
aegis,magentic+gaia_unknown-model_magentic_one_57_f902d38d,magentic+gaia_unknown-model_magentic_one_57_f902d38d,7fbc9bfdcaa22b1387f0261480ca4d9eee7033f20610fc27d3edf273de2b820e,FM-1.1,magentic_one,magentic+gaia,train,6a08064b0862a604746c7a14d2a5017869abd189a01e1a3eee07976b42b6aab8,False,20260907,c758df62072f11f52942a35340c11fcf7f02e1bb710c9c56cb1ea6b251ed43f0,FM-1.1|magentic_one
aegis,SciBench_gpt-4o-mini_dylan_25_0fa16ecf,SciBench_gpt-4o-mini_dylan_25_0fa16ecf,85109c53cf1337894b78c89a916468380d390ef64d0f2d58bb639d6680efb526,FM-1.1,dylan,SciBench,validation,0652705c4197d4ef1af49cd0a1fad5955c53b82fdf97202509025e3d19673c8d,False,20260907,45ac470b95145751e0cf67d58beab6c9259d010f035d96afad21605505ff2ceb,FM-1.1|dylan
aegis,magentic+gaia_unknown-model_magentic_one_95_62402d14,magentic+gaia_unknown-model_magentic_one_95_62402d14,8658b9aadc317d6ea122061e3460c9ebf670cdd831dd098e4cecbdadef76d5ee,FM-2.6,magentic_one,magentic+gaia,train,3bc78c028f7bd733a876bc6286cbc8cb35ba5c49dba7f0b9c83858cfaf7a69ff,False,20260907,1d609c276107cac33e216fffa395608b97a01af9501efd41abffab59fd493f1d,FM-2.6|magentic_one
aegis,smol+gaia_gpt-4o-mini_smoagents_109_b0637203,smol+gaia_gpt-4o-mini_smoagents_109_b0637203,8ed8dfc0f5d2866887f525845201fe2b24e84cd30c5b7269c8eafa95e13bfe43,FM-2.6,smoagents,smol+gaia,train,0e3525df3bfc7272e1076fabe64dea46e88cd725c4eaf533b89e370248fa5494,False,20260907,417fcf2f4fa400d823b26d5f5df996929b2f92503a976ea80793c617facd2665,FM-2.6|smoagents
aegis,SciBench_gpt-4o-mini_llm_debate_211_640b4ba2,SciBench_gpt-4o-mini_llm_debate_211_640b4ba2,90982b165b5a1ef87fd8983678a6a0497ad98bc793c6b160fc9ff89127b23c95,FM-1.2,llm_debate,SciBench,train,10258d0f82390bad09ccffb1a86e37bb310cfbeb18972ae83b1689640189364e,False,20260907,7d680b96fbb502ee4f943d81494d6857ace2f547ebe75735472387520b339f7a,FM-1.2|llm_debate
aegis,magentic+gaia_unknown-model_magentic_one_94_4ebaa1ba,magentic+gaia_unknown-model_magentic_one_94_4ebaa1ba,90f300f8203fb8b74c3ac0a3abf72b747ec0b10dab1a4d0b95446a0118497c07,FM-2.2,magentic_one,magentic+gaia,train,2eacdbff33573ecc5a4bfd91700380e6ef28444b65ab34fc2259e44115cd78a1,False,20260907,996d966c7b0dcb8d9685fec8ddbcee0bff443693864400081463a2ec1a7d8719,FM-2.2|magentic_one
aegis,smol+gaia_gpt-4o-mini_smoagents_2_5877ccc7,smol+gaia_gpt-4o-mini_smoagents_2_5877ccc7,95b8ce2c5fb0bb9730907c444d06b428616d4f7e185dcb83f2c9bee961429359,FM-2.4,smoagents,smol+gaia,validation,1ff802068d585699ad12d6cedb8c38c022efaec842c7814979a04841ccdb8550,False,20260907,08242583848841c70c5f20e58343e0df2a5dd61beb049acf2d6e52f6e45e38e6,FM-2.4|smoagents
aegis,GSM8K_gpt-4o-mini_dylan_59_7bf4e6bf,GSM8K_gpt-4o-mini_dylan_59_7bf4e6bf,9652d2c26a120590ecd93a456490043b5d688d8f019c004287a9b18a9a0073e4,FM-3.3,dylan,GSM8K,validation,2ae5e8472c1af81fe6d9f419c76a74e1363f0abc4289ab0b52ff08d1d1c22dfd,False,20260907,85c2ea908ebb8513881cb9bc80f7c2892e256c69ba256fdf8ec562283ea11080,FM-3.3|dylan
aegis,magentic+gaia_unknown-model_magentic_one_160_ef1c68f3,magentic+gaia_unknown-model_magentic_one_160_ef1c68f3,97358f209fac7f3a9c569c0ed6304a38bee6ef14c88fa2b1065cde2e9120b214,FM-1.5,magentic_one,magentic+gaia,train,36285c885f88811e4be94522020d159cce555eb14ab238a149154a264052f528,False,20260907,05cd8ec174890757d04c77888f5afeac06e2adf9f091037dffe4dc74c92c82f4,FM-1.5|magentic_one
aegis,magentic+gaia_unknown-model_magentic_one_17_48872a08,magentic+gaia_unknown-model_magentic_one_17_48872a08,990536e22c264a5dc4bf7ad4545d29689d44b7f426db91f93e4e6a27868cfcff,FM-2.3,magentic_one,magentic+gaia,validation,39a8d8cb93cb7abec9bd413b28103a01e4aeda8b4dd2560a8dc81edef17daca3,False,20260907,bd8417e0dbde0c067d2d066e316de106e4ee54aa4d6a96518635fae4bd2baaf3,FM-2.3|magentic_one
aegis,smol+gaia_gpt-4o-mini_smoagents_210_7fa66cf4,smol+gaia_gpt-4o-mini_smoagents_210_7fa66cf4,9a4509f4e50824e48642a947ca36657062b8344d14a78d7ba352c2f031ab0a7c,FM-2.2,smoagents,smol+gaia,train,98c59484cfa86311df5f437e660bd34b87dd7088aaf6256b6923e3d0fc2852c3,False,20260907,8bce58395266ea42e522ab5560949afac03d97046cca9bde11c1eb01a73dbc5b,FM-2.2|smoagents
aegis,MATH_gpt-4o-mini_agentverse_212_2ccb3324,MATH_gpt-4o-mini_agentverse_212_2ccb3324,9ba7f12134e7187bfa7691a4fe0922dfad47bd1937adf1e1a2f232deb8d7c151,FM-2.3,agentverse,MATH,train,02f360b27503f7f0cca9b3cdd142b970ad8359507a7cd57d9869298838eb569f,False,20260907,28dbcfc6deba906fb257e08eff350076ded10d1d7bef5ffad86c955a0938b6f3,FM-2.3|agentverse
aegis,smol+gaia_gpt-4o-mini_smoagents_21_74cde0d8,smol+gaia_gpt-4o-mini_smoagents_21_74cde0d8,9ff76106c1283b3e006f1ffb2a2749533ae44f6021447ed6a39d2042e4b9d036,FM-1.4,smoagents,smol+gaia,validation,069af9f7b02b9b181cb824a90d2fec7335ecabeb136d3d2c611520bbfe4037cc,False,20260907,88ca20068e0d7b920adc3c66fb617eed3c5c24fc31d550af9cbb031cf37bdde7,FM-1.4|smoagents
aegis,SciBench_gpt-4o-mini_llm_debate_89_f675061f,SciBench_gpt-4o-mini_llm_debate_89_f675061f,a1648e5b3dfb791caaa7a1db065d65926372e71dbd984114da836569e0a2346f,FM-2.1,llm_debate,SciBench,train,7b4628d402a71f7cc1a030fb3d47da3fc282c1d11d7c4b42e12d7a86344b04cd,False,20260907,2b4ce9beb1353dbdbdf53b8769b42e1c6f47851bff1d11d5327770434b1ffd88,FM-2.1|llm_debate
aegis,GSM8K_gpt-4o-mini_dylan_166_f92b244d,GSM8K_gpt-4o-mini_dylan_166_f92b244d,a1695501d5dcae7f5b58a85f0a1857cf852b356e157c92b887063919159d2c97,FM-3.3,dylan,GSM8K,train,9df9476fd4fe080c9b4c558ea8dfe693c58cd6ffe177139cb1dc570c396bbf4b,False,20260907,bb9c9cb5949e061f0a7ffd88b3376426c5579e3d79f047e30b797b779191dafe,FM-3.3|dylan
aegis,GSM8K_gpt-4o-mini_dylan_35_7878c4e4,GSM8K_gpt-4o-mini_dylan_35_7878c4e4,a7070a42934190f29580d2feab05926688653c88ec565ecb8e98d14aa870e8bd,FM-2.5,dylan,GSM8K,validation,22f63e324f63dfe6eb9dd3687bbd0be42d6a4651a6f8ce3358aaaf5d827abf1e,False,20260907,4ed4a5fcc5f1edde8ffc5d162b2cc9980ec746b3c74ef6eddb92f16844a89c7e,FM-2.5|dylan
aegis,SciBench_gpt-4o-mini_dylan_152_b6897967,SciBench_gpt-4o-mini_dylan_152_b6897967,a964b6327e41e05e3507d3074503369a41aabd91c0f2a6de90cff402d490510d,FM-2.1,dylan,SciBench,train,08864eb85515d2a0bb8399fdc2bf0980e0f6dfc053b59245f0b14842b9211c41,False,20260907,7e693a36af520cb071531527bbdcdbbb1081a90d6056c43ca15a0f68d522a54e,FM-2.1|dylan
aegis,magentic+gaia_unknown-model_magentic_one_76_c13531de,magentic+gaia_unknown-model_magentic_one_76_c13531de,abe10d28fe39bf6cf62411f0c12e1eaff24bbb94194621e1b6f244c28a40df60,FM-1.1,magentic_one,magentic+gaia,train,b28e4e520d0487bcb7c1a4e1035988d0593f40f0cd103a34a740ca7e143f8bae,False,20260907,747a6e264f5cc81d3a998b70954826382df04675745bd06e942208c4225c9c3c,FM-1.1|magentic_one
aegis,SciBench_gpt-4o-mini_dylan_237_c0abd9fb,SciBench_gpt-4o-mini_dylan_237_c0abd9fb,af2b0f3d4c2a370f8fce5a138bbee39e3415c36c47e462768cb817891f58b4da,FM-1.3,dylan,SciBench,train,0d66600b1e93a39a3b336a6b3149ca422ba44ae8e69dc4ab5f6c99667a891fd2,False,20260907,7f20c4623a8bf3567ac42af31020d1773f89b6b8aa098f22fcd509824ace159c,FM-1.3|dylan
aegis,smol+gaia_gpt-4o-mini_smoagents_90_cabe4491,smol+gaia_gpt-4o-mini_smoagents_90_cabe4491,b2c1d168ff18b0254dfd593bf029687f38efa13799fd25f71b34efe1b3e5afe7,FM-2.5,smoagents,smol+gaia,train,01ae865f876d2d7bff1854ac3ab4a0721edc559ec449cc7cfc482e7d81985fba,False,20260907,844dae97113102c69a9f99ce8a59c1c36cb3f56eab161fdc1cb7a8cd3549f7b5,FM-2.5|smoagents
aegis,MMLU_gpt-4o-mini_llm_debate_2_28ed20f5,MMLU_gpt-4o-mini_llm_debate_2_28ed20f5,b6e999adb324d1da9cfac839b5bb22225e48b4a54bba4225599d8f2b3b14c213,FM-1.2,llm_debate,MMLU,test,6099f9783dd470039dd404bc52ce56aad328c4b66b233c5867cbf78b958b2e11,False,20260907,02db895799e4cf47b5f507bd2aabf16b5941145755e249f2694b786d85a14468,FM-1.2|llm_debate
aegis,smol+gaia_gpt-4o-mini_smoagents_47_312f2102,smol+gaia_gpt-4o-mini_smoagents_47_312f2102,b8a7e2f1783c7326b823acf822dd26a0acc25ad7beda5771a3ffe915432ed144,FM-1.1,smoagents,smol+gaia,test,028b1c87b6ea187b8e65131756fd3d128f435b9a3e9efc28f6ce1dd9d989c038,False,20260907,34e15529fdfe255823ace93289c597eb681ecee8a219566c95692c6f21018400,FM-1.1|smoagents
aegis,smol+gaia_gpt-4o-mini_smoagents_164_e0b4f707,smol+gaia_gpt-4o-mini_smoagents_164_e0b4f707,bd643929ff085492aeb68bd97042d5cce3f7359f97e6960091633070e66165a7,FM-2.5,smoagents,smol+gaia,train,7403dd150a740fd09a1bc52bd6bc321334287ba844472701a228b882029d3036,False,20260907,f19784fd697dd1360c5e0f5ce6955164c92fc536987e6601bfe803631d7e9c07,FM-2.5|smoagents
aegis,SciBench_gpt-4o-mini_dylan_297_a0298e03,SciBench_gpt-4o-mini_dylan_297_a0298e03,be808d15184447cc8409f6a68eaa7409a592ed695fbe52f0fa149e1dae91f3ae,FM-1.5,dylan,SciBench,train,13beac790bc36d0fe4ae597df94d46a0a30dbc91e2119083df46039ecbae6f29,False,20260907,b12294fbf6b69c585d7beac10f959eafee51d50e869411d5aabe719208f93c7c,FM-1.5|dylan
aegis,HumanEval_gpt-4o-mini_llm_debate_6_3eeaf7fe,HumanEval_gpt-4o-mini_llm_debate_6_3eeaf7fe,bec48d3dcd0c53db5bf1a185da2df8f0b1d58608c9c953c96f090d38e8fb0a98,FM-1.1,llm_debate,HumanEval,train,d975d9a64cbd73c641428442dafd2558032f0d8b9896b18376042b8f4778b167,False,20260907,3e5eaa76c8898debef751c1ad600a805ca71f70da837f629a4124d9666046f61,FM-1.1|llm_debate
aegis,smol+gaia_gpt-4o-mini_smoagents_307_8f7d8892,smol+gaia_gpt-4o-mini_smoagents_307_8f7d8892,c09f7861cc818c333da1ecd6e053e770f6706645ca453010d91a3bdb44a12d88,FM-3.1,smoagents,smol+gaia,train,1cb472cdd37452c1c833fb961c0ea7937998ac1fc9678700465642bf1247d903,False,20260907,8fc501b0d9d09a391dd94a1564d2d84cd2585cae2311859589dcc5e108eb5537,FM-3.1|smoagents
aegis,smol+gaia_gpt-4o-mini_smoagents_344_dc73f35d,smol+gaia_gpt-4o-mini_smoagents_344_dc73f35d,c1fbbf7ac366d2422649372b7e574b8d25bc52039850ebb987345882135381af,FM-3.3,smoagents,smol+gaia,train,026d8a1197978b1fd3df019f4100f1525156d580193c6b53b5fb406e2fede8f8,False,20260907,eb55e1ef9a63f591ab7a1a44356e352696670660a330370c0d490df5decb85ad,FM-3.3|smoagents
aegis,magentic+gaia_unknown-model_magentic_one_158_5e02ce82,magentic+gaia_unknown-model_magentic_one_158_5e02ce82,c27e9461f713e7377a27e6e9fee3ad5c5b5bcaae917434604465cc13c455bfb1,FM-1.1,magentic_one,magentic+gaia,train,4cc6a32cfee82c9a3755ccfaeac2b91a04d4da63ba5cc00448c51a7fe719417c,False,20260907,ffe1e957262ea7d79f3907a83702cbbf9e60333d11463c0d119422868ef3527e,FM-1.1|magentic_one
aegis,GSM8K_gpt-4o-mini_dylan_206_acc78cdb,GSM8K_gpt-4o-mini_dylan_206_acc78cdb,c4560d92cd5ef5e288d63c3c7eb504222e3718cdf7a7287ed6d90fc7e3860b4c,FM-2.6,dylan,GSM8K,train,0042f23cfe727ab0cb82b3c0aeee772a3a14e829628aabe45b3d4202449369db,False,20260907,be9f70ff1b549c6fcb9e9dc95aec41b7c8e4fc0e189d074a3427931d106cca59,FM-2.6|dylan
aegis,SciBench_gpt-4o-mini_llm_debate_8_1469e7fd,SciBench_gpt-4o-mini_llm_debate_8_1469e7fd,c98a6ded28dcfff64d3c7a9306eaa1c71b235524f29224cd7a4622513611c461,FM-2.1,llm_debate,SciBench,validation,613693ffe5601d6544feedab0023406ee6a5afc435a713632ed4893a28a1e974,False,20260907,b9ff8c5321b2520a46f331aaff37cc9e1f7e3260f0174498a517dd37ae949423,FM-2.1|llm_debate
aegis,magentic+gaia_unknown-model_magentic_one_12_d1fad0b9,magentic+gaia_unknown-model_magentic_one_12_d1fad0b9,ca846f07cff82ca966be3a7c568440e967b7087d9753ebea9b9deafb2961d0eb,FM-2.6,magentic_one,magentic+gaia,train,3c8416d2ff028ffff704c67e7ff3d0ba19582ab68c8718246d48647da1a0a58b,False,20260907,395dfbbcdd8c9bb537ba42800880191865656dea51646d3f794f42e457fcc479,FM-2.6|magentic_one
aegis,SciBench_gpt-4o-mini_dylan_268_71d20d8f,SciBench_gpt-4o-mini_dylan_268_71d20d8f,cee62593731d79fb22f1b1e242b4a0fcf0ab11be48eacbe9a81ab30725f67ea6,FM-2.3,dylan,SciBench,train,06b7e494f9f84090d42698f05b1b3a227af335ea604242701babe9a7e4db9712,False,20260907,f9531faf38b26d0af46c8bc75ea6e0e070ca85dfefd847383f917e3855bbb4c3,FM-2.3|dylan
aegis,smol+gaia_gpt-4o-mini_smoagents_29_a9c9f1fa,smol+gaia_gpt-4o-mini_smoagents_29_a9c9f1fa,d1c97cb9e0bfcf1c0508657f9da662beda9e05b0ac108f3354ac63cc0f234e96,FM-2.6,smoagents,smol+gaia,train,1d125404b58d925a9fe67681621545955b77d2f936ef7a6be50748f717b17af2,False,20260907,a6b4c7da8855ac1b0700ead1fd32d51170271afcc7e2b9b3e710eb6a00ef7118,FM-2.6|smoagents
aegis,magentic+gaia_unknown-model_magentic_one_119_c786f699,magentic+gaia_unknown-model_magentic_one_119_c786f699,da215fa0bce45d119f9dbb5dd99d1ce691f004bfe88f4de9715dd250761ba97c,FM-3.1,magentic_one,magentic+gaia,train,03aba1febebe7abb75b08cbd6eb0cb1152b0d35dd9514aa6a302116c5fa8c1f9,False,20260907,800651ce3048d3f42ddf8cd06c559186daf558ac8bd65da65c027054ea84ee20,FM-3.1|magentic_one
aegis,HumanEval_gpt-4o-mini_llm_debate_204_6751fc8b,HumanEval_gpt-4o-mini_llm_debate_204_6751fc8b,dc8d425f9133ada84c2a380d6cab8321aba622d443cee4d54bcc98c4859a2289,FM-1.1,llm_debate,HumanEval,train,5d7c39bf63b6f50044b21e711a483b227f2d0cd240ba917b98bf19922405ef7a,False,20260907,c085f96f25f28f0b483645a8940e1eb1b85aa24b006639e5f61f7fad51bce9c5,FM-1.1|llm_debate
aegis,magentic+gaia_unknown-model_magentic_one_166_69059699,magentic+gaia_unknown-model_magentic_one_166_69059699,ded23aa43973e6460b2692529f83688cd74ab36ac83850a29c741d99164f7adb,FM-1.1,magentic_one,magentic+gaia,train,89d90fd0a8fe452ac343178c9dd25b80fc48a27da12323a0fd0d539a54ed2d55,False,20260907,7b1ce00059769ea0f8053ba6b0f46234d3c80daebfbdd24554290f9440bffc52,FM-1.1|magentic_one
aegis,SciBench_gpt-4o-mini_dylan_61_16503bd0,SciBench_gpt-4o-mini_dylan_61_16503bd0,e001ed711ec0aca356a066c9b8cd368c39bfa7dc1e70e29b4a2be8c11d42dda3,FM-2.6,dylan,SciBench,validation,29d898f149b70fdd6c2544f6af64aa1e1f4afa8a335cd62819c08dcd97ffc944,False,20260907,e049057f8b9b4ef8989f39eedbd685e69bd23fd4c4884ca6ecb35e0feb3e5213,FM-2.6|dylan
aegis,GSM8K_gpt-4o-mini_dylan_29_8acf6f06,GSM8K_gpt-4o-mini_dylan_29_8acf6f06,e18b8a4b4709ee0c85d3f1d34f28d9637d69d3e4f2b21b940d5ff166ee071931,FM-2.5,dylan,GSM8K,validation,67a0cd29d5fea218cf5705b53b054c98b54c727dfe8323e6860792f526d54cb1,False,20260907,656c099f4ce90cf6d101612e77bf798ccb3b391c35563edf5eb929203d930bd2,FM-2.5|dylan
aegis,GSM8K_gpt-4o-mini_dylan_202_7bc64915,GSM8K_gpt-4o-mini_dylan_202_7bc64915,e36eab7bbb0595af68a602ce28e37bccf2b8599787976a1d220976511260fd73,FM-1.2,dylan,GSM8K,train,10e3f4d5ef924d20532b72424d45709a8a7652ec08671023de83ed5005cbe0bd,False,20260907,5363d055ad5ccbfff6ed7aa3cf0bb67ac082c6c29b964cd4f1cde1b6e7707f2c,FM-1.2|dylan
aegis,smol+gaia_gpt-4o-mini_smoagents_281_a3d158d7,smol+gaia_gpt-4o-mini_smoagents_281_a3d158d7,e3c34e7b0e245f654330995991e35c064b347095e69e12ddcd8eca7096654873,FM-2.1,smoagents,smol+gaia,train,425eec665f49c1ad6f91eca5e7d7ce0e5c575c8e27b3a23caa6ae33f1a4f6210,False,20260907,c4a1df6f31cf0fad983e408c56c2edc9f3aff5fd801bf8d5e44a43844253d606,FM-2.1|smoagents
aegis,MMLU_gpt-4o-mini_llm_debate_18_3a8ce8e5,MMLU_gpt-4o-mini_llm_debate_18_3a8ce8e5,e57018bf42140ecbf1654a71ae95fc9c46692383ae2bef2dcea29286d361b084,FM-2.2,llm_debate,MMLU,train,034a214c0f4916ecf1af0f237601f67505cbad0ee6e90c738564e53cdaccce1f,False,20260907,fc4adbb8cffe16507da53ce37af0285fc82af7929ea506a4175d262ea3271622,FM-2.2|llm_debate
aegis,SciBench_gpt-4o-mini_llm_debate_28_6048b4e9,SciBench_gpt-4o-mini_llm_debate_28_6048b4e9,e59035088da16a5e60af752644eec731433b5dc037b8eba15ebda35da9a8485f,FM-2.1,llm_debate,SciBench,test,aa4a98201b3865f7520b4a3be2fdf4c1407b0c567989152c49c3476e061527e5,False,20260907,1aa5a2049f62cfbee68730513ce88d87e7445af4a9cb3426ec9965469b6064ee,FM-2.1|llm_debate
aegis,HumanEval_gpt-4o-mini_llm_debate_162_e914a71c,HumanEval_gpt-4o-mini_llm_debate_162_e914a71c,e68cbac960bfb695527850d504ec27806e0f41a7711920d0a9e3152369179146,FM-2.3,llm_debate,HumanEval,train,06aafd236caed6eb47f22023064016eff8cdd6bb7219dab11256d4c3565299a5,False,20260907,ef94db4383ae791271e5e68a9bf43a5157b86cab41730f7c656fa7f60e49eb80,FM-2.3|llm_debate
aegis,smol+gaia_gpt-4o-mini_smoagents_10_f9203ca0,smol+gaia_gpt-4o-mini_smoagents_10_f9203ca0,e979a35c904bf6e4db15bdfbcc2ad0acf2fc0ec2cccca6734dd8e76e69cc1fa2,FM-1.5,smoagents,smol+gaia,train,095fdfc8d5f3bd3a3110efb49ddc1c864e0e03a06789593332a6f01f55426c58,False,20260907,4f53640529f6d1f6483901810e3619ab419f405e11fa3812b6c6dff5a85194d1,FM-1.5|smoagents
aegis,magentic+gaia_unknown-model_magentic_one_149_16bf017b,magentic+gaia_unknown-model_magentic_one_149_16bf017b,ee845aa6f5d274f54bf44dcd66f3089bf9539b84ef9401919607edb440c4d4a1,FM-2.6,magentic_one,magentic+gaia,train,03808dfa15bdebb0789204d5f9fe8d78fd63d2d42c12a5bed6ab71f5d8a7fdd3,False,20260907,e924e4f45a94bbf655d68ca1d6f2b688790ae49fcff8b4bcb8fb639558a6f268,FM-2.6|magentic_one
aegis,GSM8K_gpt-4o-mini_dylan_10_8b2432f3,GSM8K_gpt-4o-mini_dylan_10_8b2432f3,f171022ea8a8ecffb45fd94fae4c91b0eb696cee2454fa59f26ccfda1a1868a1,FM-3.3,dylan,GSM8K,validation,b79799e2607dbe39e18f3d2d86bd88bcebcab0e0346922bb83a2a5ec6a62a98f,False,20260907,bd6b6e23cbd6b0785192d67ec31b1e454d7c776d9807f0d2a757d83d768b6042,FM-3.3|dylan
aegis,SciBench_gpt-4o-mini_llm_debate_109_d79378f1,SciBench_gpt-4o-mini_llm_debate_109_d79378f1,f1880e849af66bd79fa4dc095dec20783fa4213b27dc5c49e67f98e3b31ddbcd,FM-1.2,llm_debate,SciBench,train,76956eb2e90ae7dce231780332d2824e23b41674d1a6603de93e72182789f13d,False,20260907,d9a96ee98ae7b833fede17d2b3227773f048422b03d0ff8eeea9a3abc1f10413,FM-1.2|llm_debate
aegis,magentic+gaia_unknown-model_magentic_one_184_6cb486e0,magentic+gaia_unknown-model_magentic_one_184_6cb486e0,f6593bdb95a7e93f61b577c5de80fc254d641ee1bdcd56cbc6c775ffc30f676c,FM-1.1,magentic_one,magentic+gaia,train,0ad00b69e71de701d5d6fe384d75454b9c8074098bd8d268bccab6be39928794,False,20260907,460bad217df5225e089df4c575c211ab03114514fd0de0dff651b0101183bf30,FM-1.1|magentic_one
aegis,HumanEval_gpt-4o-mini_llm_debate_156_519def9c,HumanEval_gpt-4o-mini_llm_debate_156_519def9c,f8a02b3472de03cd4fa7b7d9d47abd5a5d64cb8eea267c81dc575e2a281aa972,FM-2.1,llm_debate,HumanEval,train,9ef3fdb0e03086226c43459c4ea47246575b6b226291f0f4322041ffb748684f,False,20260907,4429d25f4ac5baf1b296c524399fcb983b0f1bfae9bf1fc1997a56f78df61540,FM-2.1|llm_debate
whowhen,dabench_smolagents_0269,dabench_smolagents_0269,000d19ec7f3e0b960dad904f53e3f5b78543845e6fef4dda510ae094fceda4b6,A.3,smolagents,dabench,text,5e423f315059aaddb479f25a0e15804263a1de1c8ff146ed8ed3d9a814b8a106,False,20260907,338c5b1d8949993ef6a67b4ea2e4c2fb71f6badb9e2b5f12b84232abffcd359d,A.3|smolagents
whowhen,livecodebench_pro_macnet_0020,livecodebench_pro_macnet_0020,011c4626a0b095649e8d5a62a2f8a8c02a0aeaa402c413d4bd17f5950dfeaf8f,R.2,macnet,livecodebench_pro,text,508ff53ed246c57258721c6d99f1595a088ed5926fc74e31e15607c2c051056e,False,20260907,1c97f8c7a9cae88474c7177977a4b08d3182ec253fc8f8c994b66869a4a090b7,R.2|macnet
whowhen,scibench_debate_0146,scibench_debate_0146,01c318e5b41be2c6729fd1bfa84a33624b7bbeb7d6587af3c70068ed12af6c12,C.3,debate,scibench,text,0c7f7950218c5014a6bcc42e78bfc66e62e0f3803895cce0828393658f5fc749,False,20260907,15e76c5ee80da9ced6f0081f6abde8ce7ce4ad2718f6d645e38fe00232a45c02,C.3|debate
whowhen,scibench_mathchat_0083,scibench_mathchat_0083,01e39d9fa30600316fce84e4343df5f9016384fd02dee45760b1e60e8625fc8f,R.3,mathchat,scibench,text,0ed3526830c4b99efa17b321f2e0e46536cb542e3aa163c2cbf2a2cc3f6b58d5,False,20260907,1531ed4272db30b982063ade82af8b30f398bf56fd35c82eb66b1bdf3dcbf9fa,R.3|mathchat
whowhen,mmlu_pro_mathchat_0257,mmlu_pro_mathchat_0257,01fee921bcb0ef62bdf67040e0edb341e461ce071f51242effc339ac4bb71996,R.1,mathchat,mmlu_pro,text,3aded10e2592ddd35cebcfd3107fb22776b806e1f035e57641712d878c0179f0,False,20260907,125041de12f589b14580d05f1518d38951217686c35fa17c51937e387efb9c0a,R.1|mathchat
whowhen,tablebench_smolagents_0389,tablebench_smolagents_0389,0203b652a1741d46e223c0c77e14b7bf7ffc0dfa5e449d2405f54d39edd2569d,A.3,smolagents,tablebench,text,b06c25fa928e5d3f539d9f48d85a520f3ea2f173f9bbcc8c6197dee5914bb697,False,20260907,20b0962c6e3fb4f7ad18b2a8e32980d4599dbf5ca6ac46c25f94f816315cbdca,A.3|smolagents
whowhen,scibench_mathchat_0141,scibench_mathchat_0141,020f7d7259e282d707ca385c419bdcf3ce4959a2b5782c991d9d99d85e8906b8,R.2,mathchat,scibench,text,9bbb51d9c9bfbcb745840811db019cd9e343068c82ad0901628864579602519f,False,20260907,21b4df4132faa7e507e4a7210b2d74acd45cd87e147efeb7a7dd4c6c3cb4a7a4,R.2|mathchat
whowhen,databench_smolagents_0790,databench_smolagents_0790,021bb332e3db16db1bbd118106270c4472b0f6d2962f6068e9037933c7790ef8,A.3,smolagents,databench,text,4bbb8d15003d9402831a5e8098fdcd26a5459faba7885ff9682ecb307c25cf8c,False,20260907,194b77d5d40da7d53218b4c6519208707b7e77eb5bc90fefcd3c69e246d752dd,A.3|smolagents
whowhen,scibench_debate_0141,scibench_debate_0141,021eae85732c31190a7db1bd899925b1a0c545dd706736a14fbec434513985a4,C.3,debate,scibench,text,3c7e65641250d9f01084437036b976be5d759ef354278f2d11bb88257e54969f,False,20260907,25a10a5be010d8b480e93a1fbd0833ec33bf34f9e44ce568991e133ba8fc9fa9,C.3|debate
whowhen,databench_smolagents_0259,databench_smolagents_0259,022df051efa65400b7e7c422abf0e2eb26a03013c58ec34ec5635c6597805321,R.2,smolagents,databench,text,20956a6a9bd1d650455798c0a76dc641f943cb2dcbeb1e2523ef28e1fb8e0f87,False,20260907,2aad72cdea9a17734e7fa12c76f3f245ca766fcb39267c5a16425110e5f86f41,R.2|smolagents
whowhen,databench_smolagents_0005,databench_smolagents_0005,027f11a80d977821ca49f06b3a1ffc79b79bfd8b1752e1b5f2c624ebb04693f7,A.3,smolagents,databench,text,6afc71935164177e5e8ab60506e33bc0bc1d192674341c4266b2d6f616b60c14,False,20260907,309d7734b4f6f366813e88952f9b8d886f86d2e70a0ca47670decc8ceeedf02f,A.3|smolagents
whowhen,dsqa_smolagents_0307,dsqa_smolagents_0307,0312f24f828137a1b96f23ed1c2e26451724cece9925279494d14a0ff9d52f54,A.3,smolagents,dsqa,text,1c115928e7a5b7974455e38f96089532ba8d05f4a618a539d80f7ea5cbdb10da,False,20260907,0bcd6a60b981671d9ecd8afa876f70e5ba5c845c115b6177bf72f62aabb8a529,A.3|smolagents
whowhen,simpleqa_verified_magentic-one_0389,simpleqa_verified_magentic-one_0389,0485e67388944a5efc32cde30c3eeba97c376df565a1004b913c34ce5b97fb9e,R.1,magentic-one,simpleqa_verified,text,6866db87410867421ad8b5b21441bed70a8a6c930532a8337547068b3f71f711,False,20260907,18dd21dd5f4379da7696e80d4eaaa534b5e0d84508648baa25c6ea4804348fe2,R.1|magentic-one
whowhen,databench_smolagents_0705,databench_smolagents_0705,04dc97b66a0fa3d2d16392f4bbf4e7febd27ba8d007e44faca523f8c9e62383b,R.2,smolagents,databench,text,2d99a6bf2aa689920d81d55f2a40d6efa560cd999373fc3263e0bfb7198b012d,False,20260907,0bd3d2ac59780343a5879d92863bdd2735112ce20dbd75ff8444dcbd6557f30f,R.2|smolagents
whowhen,tablebench_smolagents_0006,tablebench_smolagents_0006,052f0152f0e9c8e1cb1b63e98ae9374b374d238544d9f86194daac2171b609ce,A.3,smolagents,tablebench,text,02bcaaac9c2d7da713c0d3371f90b2338e09f3f3db1addc2ec0450a4c3045f01,False,20260907,19ac10c3efe57164ffa84e5b018bc7563db04480dd666ff686f8264645b9fc11,A.3|smolagents
whowhen,databench_smolagents_0235,databench_smolagents_0235,05300308c329d790cb3ab970ac186391ee622c1ed289b336fb7b1be32563a786,A.3,smolagents,databench,text,5431ac58c2ea1c73dac7811d44616aee512370a5c5f811e13da009fcc329b26a,False,20260907,1fb98592447275ee94f5f25e76b526a60fdf26a54489e5b6f8848927872f6ec5,A.3|smolagents
whowhen,databench_smolagents_0295,databench_smolagents_0295,05cd0f0f824a53db23b9fada7eb2eb119c2dcbd499673828677f864479ee33b4,R.4,smolagents,databench,text,0e941d2fef29d3806ddb7e65a3288d9d92bfb31c732f1931b365c4fe05666c5a,False,20260907,27e3fbaca5c363f3a5d682927fc7344ba74f2479be07fb5e09e508a977f7b626,R.4|smolagents
whowhen,scibench_debate_0110,scibench_debate_0110,0618eed25c0d44c59fd40764e79c8f8d355fa40e79aa25718c2db87e438fa7e2,C.3,debate,scibench,text,08e5c27c7057dc88c23da114cb059fc67a737dd4bfc8f76eaab0810f5dec547c,False,20260907,04aa659a0a14b364e04fe340add439445949a4faaba326fc58ed0f74e48f2a89,C.3|debate
whowhen,tablebench_smolagents_0568,tablebench_smolagents_0568,06a74eac153d07fc877222702fc85c36c3e4528010d3f738e7335d451b48d262,R.4,smolagents,tablebench,text,1f46fc8dd3ee6f37376919c46e23f33f2c25d130422642ad110df0c3944cf701,False,20260907,25049b27284d304f25a4ad65aa5357d69fcb7e70790b8bf9533b62b1180384fb,R.4|smolagents
whowhen,dabench_smolagents_0312,dabench_smolagents_0312,06cf1a7e3f8b0a44c8d4920e99fd299684832ce505d6fafa39077b855b00605b,R.3,smolagents,dabench,text,0bfd9559e9cdef0bde7d44344f240b5de46dc419b2f6317e4e6f34472005c8c2,False,20260907,1bccd713891f343e660bc19712ad9b75740e210b857ee4a8bf078da84d053741,R.3|smolagents
whowhen,dsqa_smolagents_0680,dsqa_smolagents_0680,06f78d89956d5d0a6710c7f0bfc545498e0f8de1e06a3bc5244ca6127949f0cc,R.2,smolagents,dsqa,text,00c487525cfbfd4d0bc185497395cbe9177dadbae1a6c8451e2e7b59cbf42889,False,20260907,070c77c6eb126e989fa0fadb5c320f8c9750d77b24151c93db86f5002541ab06,R.2|smolagents
whowhen,tablebench_smolagents_0278,tablebench_smolagents_0278,070953b7dd6a3f5e94d4b8a0dec9ba889eef50b77707ad3d0bad16a0c4966d07,A.3,smolagents,tablebench,text,501695e33b0e0fa96f4425dfd4dcf11e219124cfabe7bf1cfbdf699d26da28e5,False,20260907,0bd83919762576721728c271bcd30e7524e4f47a09cd50f101527aa2ca52e10e,A.3|smolagents
whowhen,simpleqa_verified_magentic-one_0329,simpleqa_verified_magentic-one_0329,071a4e04605566d5065ba0ad4def6fc15ed8f8fad130db452acce8a034378a94,V.2,magentic-one,simpleqa_verified,text,249c189ea28075fd7d6aedbe57942ac6ff7c9cdd30bf78f5e79d3c64b5b65fcf,False,20260907,2343a8c8f63b1e1cc46aea1bb729d3c0737d2c1e95419862215bd86f12fd1f98,V.2|magentic-one
whowhen,alfworld_alfagent_0063,alfworld_alfagent_0063,07624f8fd2cef0a0855631880432aa6d38101cd5a4f77cb31aa492857c74da89,A.4,alfagent,alfworld,text,972f7a852c553534c80749dc39ecd9aee083ec51eab4830d4bd29f43ab1a8129,False,20260907,073785faaa60359c2538d9f8e021303a6a2c2886a0c26d7af3482dda05ff0be3,A.4|alfagent
whowhen,gpqa_dylan_0044,gpqa_dylan_0044,07c7b68e330d9b0dc0ba4d5a71719ce8b25cb195e0c1e57f5048a35bc66b9f78,R.1,dylan,gpqa,text,103a1a30cd705bbe77299c83b5ab0f1b948e277c8809a23785f3b01b80c641bc,False,20260907,1327434f73d1085e88047c9590e8fa4a35b758b4a5023fe40029d4ee312af1dc,R.1|dylan
whowhen,dacode_smolagents_0082,dacode_smolagents_0082,083fe9d7d945ad32f73849f0bfbb16185f0a1e025da29c0c9b6dc8cf4c6a9037,A.2,smolagents,dacode,text,0b6d4c8de1e6435b771656d9f423b01eaa103283ab5bb2a712a3eb4217a8b4d5,False,20260907,30150f887bff9f0bfa65553ce147a008f6ee7ba397efa41fcc6ccba842913aad,A.2|smolagents
whowhen,scibench_debate_0078,scibench_debate_0078,092dbc386549ece2295db771dd6335cececdcc33bfd442d6dd340a1735a12110,R.1,debate,scibench,text,1fd5483f158f03e500e4e37339505d3a5dc62b4aecceafe7cddb2f7548c90a39,False,20260907,1130988d9bad5fd05cda312961cf00b2aaea298d3821e58c6101646541294a62,R.1|debate
whowhen,dabench_smolagents_0040,dabench_smolagents_0040,0938f54028950e87f96c0bf7faa016bb323309ba3961463592376811853f1759,A.3,smolagents,dabench,text,137c165f4bb263b14567a511478d1f40a297436fd058b89d8f47a53df14a0f2b,False,20260907,0f1fbc546f0c80d85a60833faabe7f946c1a201f740648434604f972d08e25a8,A.3|smolagents
whowhen,alfworld_alfagent_0263,alfworld_alfagent_0263,09f179951e86a3ee0a30a886e36ef415f4303b7622318be7135f08331f18374d,R.4,alfagent,alfworld,text,38e35fdefc682a31b5e845a08137639925f898968d354176a146c761da7bc4dc,False,20260907,00910a5e5c99fd42769f22217c240458bdbacc0b0646827a36abbac18b489b0d,R.4|alfagent
whowhen,scibench_mathchat_0038,scibench_mathchat_0038,09f36ddfd90f2d16ddc24f0d8d4298b42b56accc10feb401ce04cdc80f0ee7d9,R.2,mathchat,scibench,text,6b59324ad9ac0a9fa53f2ba3cdb94d9489f9232eca9a7be42b67b9a48480f864,False,20260907,243d06e240249a35c48fae8a1b18619475e27ff0a2042a64c844ff08fd63929a,R.2|mathchat
whowhen,scibench_mathchat_0158,scibench_mathchat_0158,0a49a3a25f450501d8b7440a13ccdb78c893b89ad2836361f4cfefc9523950b6,R.2,mathchat,scibench,text,341872bed10f5df0daa328f1011b9b4b142b7cf96f1e247d4d74242cfd702430,False,20260907,08ebf56764fa6e30535d403e0007618fdf9102619c59fc5a55ce36dd8e04cdc8,R.2|mathchat
whowhen,mmlu_pro_debate_0044,mmlu_pro_debate_0044,0a87f938dd0d0d5f7b415a0939dd189df648ccd0d35a146d0c5760d946eac918,R.1,debate,mmlu_pro,text,ff9f2b5de3b637e143967942eb9a945ae3f3ea4f1cd9503d25ae788aa9837b4f,False,20260907,18643dafeee8036b1c7b424af9f23a8aba02aefd17bd8e63aa4d81006a854fb7,R.1|debate
whowhen,tablebench_smolagents_0776,tablebench_smolagents_0776,0aa7515355aa1b988db7fb51fd428bd63b84e835aa52235ac03a806ef86681dc,A.3,smolagents,tablebench,text,5845f8a052f8f70896ccdb377494194761caedc31baee5ee62d1a885fc888275,False,20260907,27607a18b57c3b8a33eb0fbb4adb05108bf79cf39265293d2e557bf44bed8cc6,A.3|smolagents
whowhen,tablebench_smolagents_0102,tablebench_smolagents_0102,0bb07d9765fe18cb3c6d5d6eda8df5d767e08c857af724ec3c053682708bc721,A.3,smolagents,tablebench,text,eb5eec55beb39f4b5bced297494fefcbc94748aa96154af21733e9f3f85f69d1,False,20260907,1d375cfc888d5ea98d2738c5deddb775c286b389ed01f388e363001a7302b594,A.3|smolagents
whowhen,tablebench_smolagents_0128,tablebench_smolagents_0128,0c77892afde026e56ec195c17120d0374fa937852f6ae169d9436cb737bc7ffd,A.3,smolagents,tablebench,text,4d9cbcad9f768f9295f5ee7b7d96dabfcf4b669e2d1b717bd0314ec819e79147,False,20260907,1cea940657ac2f3891d28d11564601132c8df22b249fdeadeeed8d39825845b5,A.3|smolagents
whowhen,databench_smolagents_0581,databench_smolagents_0581,0ecdb6fc501ecc37c38fdf7470ef931f8762c735a9e470ab74ea017cdca423be,R.4,smolagents,databench,text,4311e36195315ced81b00f094fa269e79f1be2215e44d937f1c6126841da40b7,False,20260907,21b697d9a84aa4e55b812a00b09a9fa2afa4ae64d3af3be6067d96f62f0655dd,R.4|smolagents
whowhen,dabench_smolagents_0075,dabench_smolagents_0075,0fe3977e56f5dd5594b3bcc639653b61679770b2363ccbd53c06d1de4fe3672f,R.3,smolagents,dabench,text,0527de90a84780cac18fc85d365535e472a8e60fb6394cca82db07079914fc12,False,20260907,235aa63b907b298fd9dc7fe02f7d3dedb615843215ac4fca04b040e415332cea,R.3|smolagents
whowhen,databench_smolagents_0645,databench_smolagents_0645,1022d5cb4b326784316a9494ca9f88c8c55190e93e3eb20e416052740c921dcc,A.3,smolagents,databench,text,1629b2374c521a3709897a699533204c16895492229f61408a898df7a0f39890,False,20260907,202db791dbed2432c76f3203ebc2f51f5484e386be08d9231e6efe6b045ef5d3,A.3|smolagents
whowhen,bigcodebench_macnet_0133,bigcodebench_macnet_0133,10b886187f926d787f5e4a98c3039083c9f4ced970f0bfb8935379cc57396397,C.3,macnet,bigcodebench,text,426113efb0dbb5e2d824d3bbf18276f81088f513fad8ef35403ddcfd9f9e4cff,False,20260907,34d66175d1ade1f5e13f3dabfb4ee2d5aed516b08e4713993830f6b383ec1d64,C.3|macnet
whowhen,math_mathchat_0019,math_mathchat_0019,1100c696be927053e9be804ae28996f997a0a185535f87ab26cf7dedfb1cd74b,R.2,mathchat,math,text,16b34dfa30c13ebf44c5254cb63b7a3ecb0ff7f9a7e70e1ce4c10286e51416b0,False,20260907,1ac2362e6b4d2dca291327aa03e4e79a0e8ce9e0a9d55758f3d061bd61a64c41,R.2|mathchat
whowhen,databench_smolagents_0442,databench_smolagents_0442,113d73522b6fa1b98abb0e07e60f07623c35cdb1edcef13e03677d0a76edf898,A.3,smolagents,databench,text,4ddc305c60c8b8e51a91ca93182778c954b3ecc4bb0c94464ed0471a3e268f09,False,20260907,32a7b3c31e0e2e484a23ed1fda7b3311e93e4b19ca21ff411376d5ffbcf87ad1,A.3|smolagents
whowhen,tablebench_smolagents_0625,tablebench_smolagents_0625,114d64a0b2fe67d4ddce41bf5672e35d14b9971a16e70571d432152160ac9955,A.3,smolagents,tablebench,text,3051f72d0501f1dcc0b7c3b0139bb1934e707ed355f0e43ad2135cf871ae18dc,False,20260907,113ee1355222b82881fef518c1f1db1c1298d3f6fdcf506ae323bdc01a82c993,A.3|smolagents
whowhen,databench_smolagents_0482,databench_smolagents_0482,11dccb67c0dc8a122efefc77dd9111ac92b254c3a4878af8b106611e2fbef923,R.4,smolagents,databench,text,c167d6833dfcab17bffe56c9c9d23704ac667ede257f0c0009098d64cb3d6165,False,20260907,014bbe1589cf4d14354f9e56e406ca2c2ad161ca9d81cb1eac71094f1f62c08d,R.4|smolagents
whowhen,dabench_smolagents_0096,dabench_smolagents_0096,124ca12071c5c5687fa58cf2eea06a682cda2fdbb398248524d0f6784788dcf5,A.3,smolagents,dabench,text,3cfea4159525f8139eb47f0e20bd9e8271cd152086aa09daaf1791aae56d8d3e,False,20260907,1659d71b6b1e590af3aa978ac70fd662b99e7c91ea39da9d6ef509b60d0e87a2,A.3|smolagents
whowhen,databench_smolagents_0349,databench_smolagents_0349,128bcd7626637f28a3c17945cd7a70a085dccd344b060cdb9b335790861c9a3e,R.2,smolagents,databench,text,3fc3580ab408bcafb316ce90fab91566347b3dc5a57bc356b1a5e556664784c7,False,20260907,189d501b81dc58d9492c23fbdc05efed974c9eefa9008e3b95e7fb32278cddc2,R.2|smolagents
whowhen,math_mathchat_0097,math_mathchat_0097,137c5fbf75ddfa1f103837edb8973ec0d21467df2622eff92ad0d8ab7fb0abb4,R.4,mathchat,math,text,9aad8e35f41e889073505c4f1db869008a286391b7eb636c6c9e509d3f26c31e,False,20260907,0505cceecde4439aebee994e31759066f233533e7ec0c0ead0b5377fecb47ce1,R.4|mathchat
whowhen,gaia_magentic-one_0244,gaia_magentic-one_0244,1382e7740106a531c67587517476c2f2ed269692dd1cc430ec54a842ccba1e8f,R.2,magentic-one,gaia,text,147f08ddd4de9b304f5c7267f3038ce47218dc0deef5ff1e6f21ce84ae9eccf5,False,20260907,18e63f80a865b4b40831092735817934820be00dc14dfce73699f70bd88d2a25,R.2|magentic-one
whowhen,tablebench_smolagents_0684,tablebench_smolagents_0684,1384838377e146432f3dfe38abb8f6f815c4ae0483cec1566c56676f59817f57,A.3,smolagents,tablebench,text,7536fed9041c9a91b20c81055937972f6457a8ab9106c922485a9c9a1d781266,False,20260907,1a45cf724fd0d0c12aa8683b156cc8d7b8ed6cef1f06fa4411973da656f68732,A.3|smolagents
whowhen,scibench_mathchat_0058,scibench_mathchat_0058,1387ccac2752b59defe11767b9de3567b7fc456015bdcfaa5730fdc85271fabd,R.3,mathchat,scibench,text,78091da553fa21c4e472bbe2d4aa1156de43683528f093bf3c73c807d6c238eb,False,20260907,00f8fb77d781db4dd7f8c07299fc41ce3360be8e41d62d8f9593c93186134274,R.3|mathchat
whowhen,simpleqa_verified_magentic-one_0177,simpleqa_verified_magentic-one_0177,142f4095a93e71c03d8e11dab3467eff53835ef7b12e73b3c9c7ed678e4919ea,R.4,magentic-one,simpleqa_verified,text,a048e4bd1c8a1a954868cb2051581b397585e79902b04a8124941eaa3e2972ba,False,20260907,16adb17e1a171c4eaee8532e13f0731cb7f2662244cecc945f33fa71499b4dc8,R.4|magentic-one
whowhen,math_debate_0043,math_debate_0043,153d579efae9783493f8d297ceb376bd56dff201f9b2865222f8ddcc9bf126e1,R.2,debate,math,text,7cd979561b2cbe0ca260e051013e5f2f5d57f7ce1148a64a0fd31107f7c82b09,False,20260907,0431595e7dad238ca4d46e4159f3b587731ef56c69a889281e529fe0ead8f929,R.2|debate
whowhen,scibench_debate_0129,scibench_debate_0129,156e012c14457734e7480e2ac77693e54deb39bc725b65262d85678c75470a27,C.3,debate,scibench,text,95a078dadee1bf4c0f957dbb5ebc556960f7b110bb98994df4d48e1f2b7a2c15,False,20260907,0615f5dfc36e95ba3cc37512f0a26ed2a50ef28b58c90881f29d0960129d722d,C.3|debate
whowhen,databench_smolagents_0475,databench_smolagents_0475,1608fd468ee7843606a12c7e921d0625af0380d008c7eda6a8aeb62f694cbb22,A.2,smolagents,databench,text,6840e21cb898f5e7738f0a7e86dc80343f163ae6391bbf15fbe5e34fe8e6f444,False,20260907,1b71ec4e6c408db04f1a41ee1aed852d3aab8f892483cc6a41a2b27f7ef00d6b,A.2|smolagents
whowhen,tablebench_smolagents_0742,tablebench_smolagents_0742,161e6f0227799646a30df0a7980547c5885a33dfb031048354f042a2886ece7c,A.3,smolagents,tablebench,text,2a5713cf97374ca149018e0ea57cfaee381dd5b80866addb70d33e134661cfdd,False,20260907,1f90bb8801b689b115639970558b8eceb0308930f9f4a1752472b634e1e1f022,A.3|smolagents
whowhen,databench_smolagents_0209,databench_smolagents_0209,165f3c0b83839defd58b7f1864a2773a7dc85e7a30a5595895afdb05ca898bc5,A.3,smolagents,databench,text,3d583bee85086be331af16dcf1ab6c477a30fb806bf66426c8096a5f33caaabb,False,20260907,15efeeb5cf85f4e41cf65420aa16929b85da7e419d4f134b373e472b02e24709,A.3|smolagents
whowhen,scibench_mathchat_0218,scibench_mathchat_0218,166e6c23a3088950affcbc780ad2a03dab308fb604da3e8dcaedeca605ba2c7e,R.3,mathchat,scibench,text,082de9ef81037328570f2a9b90a2c4a6a977eddbf64183f5fa2a113d8613a5cf,False,20260907,1472b13a8c50423bad57e921f1b8335bcd6ff08e93bff992b15d652f3423ef79,R.3|mathchat
whowhen,tablebench_smolagents_0543,tablebench_smolagents_0543,169b3781d5027183ee4fbe9a550c9d4459da23508b89c2f0d4628f75875ba9a9,A.3,smolagents,tablebench,text,40fe97e9a247fbeae095ff463ff1db157a149ee952ab41cf669b683310313ed0,False,20260907,0a7bb01ed0d11ec474d64f9e6d31856e961591b67982ed99b7a9721458c04d63,A.3|smolagents
whowhen,simpleqa_verified_magentic-one_0242,simpleqa_verified_magentic-one_0242,1711a05e278a4c117ae575c8163efd90c3b4906b5991a65ac27b7e7e3fd4fa0d,R.1,magentic-one,simpleqa_verified,text,302aba09ab70d17360a30ca3e5a03d874fcce4c9e2c93e7423681f15e2b15a0c,False,20260907,2b66b1dce9b0f84578154e145fdfb3bfe4038802901629e643dda488312c330a,R.1|magentic-one
whowhen,simpleqa_verified_magentic-one_0327,simpleqa_verified_magentic-one_0327,178d125d4985db9c858bbe2af5325c7df68864c8f288f81bacab81fb2caee01e,R.1,magentic-one,simpleqa_verified,text,4fa3fca4b2e579ffd23d9dc965208b5c86dbb519b376a5c28c01abc5f1d4ee75,False,20260907,1c52d9319dffc7c66e3ceadddaab988e7398765640d7ab30f336493fde437b90,R.1|magentic-one
whowhen,simpleqa_verified_magentic-one_0376,simpleqa_verified_magentic-one_0376,18264f034feb76cb70c74d96895ed85eafd04999cc6caec3843c9185b0106640,V.2,magentic-one,simpleqa_verified,text,6f79afbbf261a8427f703654e1e994eab26aeffb9c84e22c6a4fc70203a8a8d0,False,20260907,095f0c548bf74ef24926dfa1934b6f0a3504df2d727efda03a4cd6dab583be01,V.2|magentic-one
whowhen,tablebench_smolagents_0049,tablebench_smolagents_0049,186f3e74af7b4275c510590c6c7645dfd83636d3d07bec3cd8d5c5e147388720,R.2,smolagents,tablebench,text,1c1311f760842965b5eb10f9ac22b89432ef709efb128aebfcbf668914b64d4d,False,20260907,1b17b24647d46cd1e743c8560e31c72f079d854879dd483bf540c0e4778ff161,R.2|smolagents
whowhen,tablebench_smolagents_0292,tablebench_smolagents_0292,18f7d940ab42684ba55b260a5cfa7fe247755ede844dfcac153b107fccf24628,R.4,smolagents,tablebench,text,5b701328591c764a734a0c3c36f211e7f5996389dccbdef606e10dc752b28e53,False,20260907,1a20d5f7b22f42b7371271ca8871d20ad3f96f628c6ad0570bbdb4d1ac067379,R.4|smolagents
whowhen,dabench_smolagents_0019,dabench_smolagents_0019,1940956720f458076be325949da2573f892f39709b413bc258c7b071e818cd0b,R.2,smolagents,dabench,text,20dc9f6f8a81772d8a2ebfb7aaac8674a8563520212e9541b0c9c439770b59bc,False,20260907,1144dbfde26dea2c15310acbe256eb1e9451d6ae411a596ff72e626478dcb1da,R.2|smolagents
whowhen,livecodebench_pro_macnet_0041,livecodebench_pro_macnet_0041,19773e58e894491784866134a47da50ae4d56cbc9facaa54f2ce8e935dbfd69c,C.3,macnet,livecodebench_pro,text,ad983a8c8c06188348c46432caa5d26a96b273476f010b57fe67fbe04a600726,False,20260907,2bc07c55be667b64f6157b83fc75359e763c889c510a17f88c3f5552dfc8e6f1,C.3|macnet
whowhen,tablebench_smolagents_0198,tablebench_smolagents_0198,1bdf4a56c3afb50db4469442cb1239f996e162b7116e3b26217141e2cff5bc96,A.2,smolagents,tablebench,text,b98012a239b3a3288b8cb8ee2d74bf2048ebec21f4e3e09168d83b7738015146,False,20260907,33a06f94ca9936cd816fe3b617ad91e03398f6f867931ec1010f85836f2298f7,A.2|smolagents
whowhen,dsqa_smolagents_0080,dsqa_smolagents_0080,1d5dea4dde3ccb39f74913740ce585e6e105aeb98e6e059e496c56f967581e7f,A.3,smolagents,dsqa,text,201eebb39f9db0852a3ba30371fc6dff630d72f3e2f62346631bc9330cbd02d8,False,20260907,084db009669d656788e4f9c794da3e08cd2a206e4d946c58f1de7f205646a38a,A.3|smolagents
whowhen,databench_smolagents_0559,databench_smolagents_0559,1d7b76555e8d4ec394dfb1cfca94dc8b89e0168f29237250b9fcc6c5d715017f,R.2,smolagents,databench,text,16ea69c0ae6b13d067e42fd93f1cd397d42c730a49b84fc42c74f173b0307a84,False,20260907,27011666bb9d180416342b84f0226a1f067f841c15018940cd297f3ed834b7e0,R.2|smolagents
whowhen,alfworld_alfagent_0167,alfworld_alfagent_0167,1d9a63bc00c91d21328f25cda56875d92f6023587e47ee47e69902eedf9cf256,V.1,alfagent,alfworld,text,53013d0b4a2a4cb7db2e82425f2b50fe7ba42f3befb68bed1306ed274e7764ed,False,20260907,063cba310a04d0aca4b87d59e91696ed25ff2a0eb10804ad8ac3e1251333e213,V.1|alfagent
whowhen,dacode_smolagents_0029,dacode_smolagents_0029,1ea1fd40a2f72e350c6f9977da6e4b6e18cab48d13560c172b0d801b2cc5f093,R.3,smolagents,dacode,text,5217fbdf1aeec5f03c5260827c8c48a57723242d430cc4d7c17e378dfca4629a,False,20260907,1b0e037e94552f2dbac12e78f23b3315ed58fcd82c4a5ed1289ebdec5d9a5f3e,R.3|smolagents
whowhen,kramabench_smolagents_0068,kramabench_smolagents_0068,1ec2e556e1d994797f472c83dac395906ad7b5c723e616c4f6538bf14e26ce19,R.2,smolagents,kramabench,text,57e4e7c2033e92dabb8b82d8ab0a5e2ee126c529b885a392d447da5d4506107f,False,20260907,000454992d9d8be9faf5723c9fd2e1433beba8b30e3d60ccdba6f8f2cc4d9213,R.2|smolagents
whowhen,dsqa_smolagents_0591,dsqa_smolagents_0591,1f37535199b2fed8ec9571a50bb4c35a6575d23fee9f4f9a7ab0e365d97af3c9,R.4,smolagents,dsqa,text,6da82a8c6dd6d7365815df6e4a80aa1e6a6577156523c597176e65afbab5de6c,False,20260907,165eb4a0acf01499e810b83d6769465a75a1f27f79f79c153dd1eeafd4970cf2,R.4|smolagents
whowhen,scibench_debate_0052,scibench_debate_0052,1f552519732b786c57f301da9e31d15a109c558b7f912634e5bb40f165755f54,C.3,debate,scibench,text,b7f0edca02cd93649463d503fd20db1e44a75b0f63c68d058b31738f25b70c54,False,20260907,15c76f1c74c70ff7a516e20ef2e9ab5188426719441b5ce3601e8f22b41c77c1,C.3|debate
whowhen,tablebench_smolagents_0209,tablebench_smolagents_0209,20faea95285e5116b57d65bbeb7719bc0d31da44ff4ecb9a5e6cca943296e35d,R.2,smolagents,tablebench,text,9c0334d9a47145a0ef8feceef962b260b10c78c610c892446f80cee929cc0318,False,20260907,1634d853babba4856b6d9411d6e0b571076dfa9965b2cbd4d974ee9b1e47726f,R.2|smolagents
whowhen,livecodebench_pro_macnet_0023,livecodebench_pro_macnet_0023,214bd75e40a4ca40ccca9d44bf622de3610b1c0c111362b9929da5be95dba34c,R.4,macnet,livecodebench_pro,text,4d711b0517498276ed4c4b0c375a7108ba87b3126f456ece962ed0ff531fea1a,False,20260907,1bba030cd20bff33caa6d6ca4c3f81d78c0811b5e8d0456b5ec969acf207e55a,R.4|macnet
whowhen,tablebench_smolagents_0646,tablebench_smolagents_0646,21572321d5e14ad0c27c4e6f20261a1263a900eda396ef74af3b4c9a2cd7e97d,A.3,smolagents,tablebench,text,30b49ce06c9ab88770f0d836562b517d1e5361918c5d450f84e848269d8101d5,False,20260907,1d38e02fd242827ce55fbcf8d301da201dfe21181bc0292cdb43903819954948,A.3|smolagents
whowhen,databench_smolagents_0242,databench_smolagents_0242,2171a83a31f1852db03ede6d857cbfaea9aaeab451fa2cbeb44e30d398df9d4c,A.3,smolagents,databench,text,830efaa9d22c4fe0a3cdd1b072106f6f6f85c6d08a2048817dcebd16c3b71989,False,20260907,08959faeefd432ce1946c673eb25b01f1981e0027196b628366571b627f98f30,A.3|smolagents
whowhen,dabench_smolagents_0122,dabench_smolagents_0122,2246c5dee7c4ef3992acf1137d41c9b0dcac6dbe3b2e0fa5d9bd79f2647ea8e2,R.4,smolagents,dabench,text,09d971d7a73abdb6e9f55f144066b9556c990cbb6e76489395a2e5623f5db7d4,False,20260907,2c063d7e40f729ed7dbeffba9a8660718baa4b397a7217e9ca8c88f69cfeb6c5,R.4|smolagents
whowhen,dsqa_smolagents_0764,dsqa_smolagents_0764,2250b4fc031a11a29d2e9cfb0f5b5fec588bad2f298f6ffeef75d200839a900c,R.4,smolagents,dsqa,text,4e484eefb1194929658967323c56f2c3949f06a2a4f9ccd4230769c81a3351ab,False,20260907,1025e1bcdf7208cbb236cbadfca64cba1e2934744a7fe0fa349bfe4ebe9d365a,R.4|smolagents
whowhen,databench_smolagents_0211,databench_smolagents_0211,225e00473821ed1be80326ed3675bc0cc8434ec5e653b06c2fdbcaceeb4370f7,R.3,smolagents,databench,text,2060a3250d47ddd3512c0992eb7e5a748e321ba88ec9f2f4923c13c9905c5833,False,20260907,17748836d0c854c78954324eafc9d48fc073b9a59c9d4b7ff8e326b8329d684a,R.3|smolagents
whowhen,gpqa_debate_0055,gpqa_debate_0055,22a8b3d4800234a54e5565bbea902eb59c7f63703b62060519b068910a628563,C.3,debate,gpqa,text,1444905104e5213f92946eec81276cbf9d61d33c598f774b4b78c1a0393e8eab,False,20260907,0ac4eef6bf2e2a9b0fe557ff19accc903413aa94ab1987281d70dde2134b64ea,C.3|debate
whowhen,tablebench_smolagents_0732,tablebench_smolagents_0732,22e922be72ee6c91ecf820a2b86e5bee702a067dcfce1a406b824ff01213e9fc,A.3,smolagents,tablebench,text,ef139787efef63c9feb0229f74cb65e03ec000c2ca9388c2047f9108801dfcfe,False,20260907,20dc21094f238bc4332ea0cf0c378b6185a742b95df371ddbcf7cc1545f4396e,A.3|smolagents
whowhen,dsqa_smolagents_0041,dsqa_smolagents_0041,22ecf177014ced078d60b033ac2a5285407f74cf2d7ed1fa694059d3dc00bf28,A.3,smolagents,dsqa,text,0930d371ab587a86c4746e3bbc3365d21caed39e73d6bb760a782450095aad9f,False,20260907,2422a2e32cb9eaed027729c9f24aaa549618d5f42c6a057d3797cef571a69f20,A.3|smolagents
whowhen,tablebench_smolagents_0009,tablebench_smolagents_0009,24a7af8bf1eb2fea5d91daeb79a275adcb590b716317fa1e3efada04be7ba9ac,R.4,smolagents,tablebench,text,685458674f55c9cc6a80585b54562af91028217a48d2fc961582eebf287595b3,False,20260907,06ccb8a9bcbcd98783df954c0addea8f3507c91afb0fb5dfa3a0e0703b9335b0,R.4|smolagents
whowhen,scibench_mathchat_0125,scibench_mathchat_0125,2605dcc1a892c808294108817a1f2cafc902b1a151309aa7ce015cbc4105c9a8,R.3,mathchat,scibench,text,c440839a351547f6108087ac3128adce12e7c9d69a3e1fb5498e088da7d82432,False,20260907,18bbf7edf9480770763c41480c73f8b59eea3225400bc394206fecd2c722a4d4,R.3|mathchat
whowhen,livecodebench_pro_metagpt_0047,livecodebench_pro_metagpt_0047,286237d16f85d4c73d72c859f296f65d004bf47d686d4b5b7166038ec164894c,R.2,metagpt,livecodebench_pro,text,3d3b93e7e7be093bdf1c876c66d92aee113171fc5444612ee2788b9f2a1e2ceb,False,20260907,0b5b9a1b0e0c40ab75b79e8f0008cbc26480e533535907ec81ce82e05ec5f4fa,R.2|metagpt
whowhen,tablebench_smolagents_0121,tablebench_smolagents_0121,29de4c7b9ca31c05612083d5470e7b08e01d0af696d3e5d0b6fc9b9f2518398a,A.3,smolagents,tablebench,text,cfb809c39a71717761b26b5d1fd27583da77c8af7ca8d5b21b2803ea3baa3513,False,20260907,108326104194981da4a329b6f4ff05d2487cf31d767c50af6263787f5d01257c,A.3|smolagents
whowhen,tablebench_smolagents_0700,tablebench_smolagents_0700,2a6c44e3122214ad1f6e696abf5a7bb962b3d29ef2f3490898db9b33843e5d22,A.3,smolagents,tablebench,text,dccd56ab80ec8fc47f7ab2942f747208f220c610c00b9fae7fb05b3d1487ed07,False,20260907,202c664a12b8ea1e9a6f0bd7aed9625eaff14d5773c32be2b7d5f39d6d5ac08d,A.3|smolagents
whowhen,scibench_mathchat_0109,scibench_mathchat_0109,2b039b015176aaa141fdf094ed0afeedc762a0d15a0e0f85bbe1ca594ff9e6d9,R.3,mathchat,scibench,text,23cad69965f29794c2cab5e90f02ea71b7503770211c2492713eefe20015d9aa,False,20260907,1f48707383f18d6270b0eecfd021addf05a375375c78e28ab365cc5bcf0484b5,R.3|mathchat
whowhen,dsqa_smolagents_0644,dsqa_smolagents_0644,2b142d487a801b3c2aef433a20c2d32817fc68ae2ea226ae184b0fb84a219668,V.2,smolagents,dsqa,text,43ca1b81c77f1fb00110e4e2e9a10b7cfbcb20b01a2946d62e245b1f8029e365,False,20260907,1712ddf3f36926a9b94ab0abdbe235dcf0cf4c4cf217e05ca118e22ea5f923c1,V.2|smolagents
whowhen,gaia_magentic-one_0017,gaia_magentic-one_0017,2b1b3a90103f342fa561c6505eb766711577bba1eaf1d5d5520152a8b24301ac,A.3,magentic-one,gaia,text,1dc2b6eb18fdf8d75d7e160778dc8dc5d9640f40d308310cadc940fc0cea22ba,False,20260907,14b1b54eef0b541a0015d41f5b65441a6064ea5f413436d6bae119a1f9081be0,A.3|magentic-one
whowhen,tablebench_smolagents_0743,tablebench_smolagents_0743,2bb5f4f6fe95df9e2d9d0c7c79216784eb85b4831dfc1bee3955c0a742b6cf02,A.3,smolagents,tablebench,text,41e72e07bdc3754c438a16d26285087af43113276537cb06bad271470dcebc87,False,20260907,2d47e2b6a7a95cd7a69a090abc2cc6d36afa11fe14691de08efd9e30a4dd13c9,A.3|smolagents
whowhen,livecodebench_pro_macnet_0022,livecodebench_pro_macnet_0022,2c11689e9fc902d1b8d6745683cf1bef354d9b854664b952a9d86003d1d8eac2,R.4,macnet,livecodebench_pro,text,cddc08bc6c3468e4db448bc2d231e827a2fce91039e3fcc19c67656a0053b5c4,False,20260907,35f41400ab741ca73e6b23cf5befb27c449601d1908ef2f0fa2d58aadc0b7569,R.4|macnet
whowhen,math_mathchat_0258,math_mathchat_0258,2d5b6657b69551cbacd26abf73fa72b51ecb2135f6c2f652a3f61b74f6d46a46,R.4,mathchat,math,text,10491dddccccf4c5bc694b5006fb055cc2bef8d70a385e9149dd73a6f46d44a1,False,20260907,29a9211c5a71815e2928a7816f7c99042d9858fcb213b78a45a785560308e84c,R.4|mathchat
whowhen,simpleqa_verified_magentic-one_0156,simpleqa_verified_magentic-one_0156,2da17b6d9e0ca245cc3402a85f02a5a629d627de5531bb50f936879779ed5dc3,R.1,magentic-one,simpleqa_verified,text,0544729c9d72c9f4d75f49cd480f0a67caec9655602003a9ded112159fdd9c1f,False,20260907,3054705fd34e83b1ea02b69d852a4394ec6347fcf20f99b5405343f4580358f4,R.1|magentic-one
whowhen,bigcodebench_macnet_0069,bigcodebench_macnet_0069,2dd623580bc81105081a1d025c05670b52b50b8d2de21acc6a784aa90bb78a09,C.3,macnet,bigcodebench,text,d2bd6e3bebd21bfa54e7833ffa7d377a29790fbabadccedf2c5d6c5e160a7020,False,20260907,246f61c73f4440eaec0dabcb6800fda9f0fe56adec26cee6ba895233e60296da,C.3|macnet
whowhen,tablebench_smolagents_0407,tablebench_smolagents_0407,2e0a87aa92a0fe78a228faff0eabb7a1cafbbc8f4e0acff9c138777a20a401a1,R.2,smolagents,tablebench,text,168eb16caa93e390716666fbac9659da2220c75e657a2fcc248e4be8d2dba12a,False,20260907,1a4b55af2310cf049a2e232ca9b0568567582ef36eecb7a415a54ad215f88646,R.2|smolagents
whowhen,gaia_magentic-one_0139,gaia_magentic-one_0139,2e175b73e5bf0041e26ad007cc2f50af4ad855fcd6f52f5e8d5b3b97da88a5fe,A.3,magentic-one,gaia,text,775d247eb5097fb2a7757f09088ee8b17b5679e1719c09c63cbf19a78cb73020,False,20260907,277bf34b3d319c82478057c6d57cbab857a246a942a03d7d77e09581d9bebb46,A.3|magentic-one
whowhen,bigcodebench_macnet_0011,bigcodebench_macnet_0011,2e76303628ba939e1fd190807199e409867292d1349e6c90175e294c17f4f579,A.1,macnet,bigcodebench,text,197f92f88a26d9ce4418beb691881dfe3eb481e23ea8a45a3715909ffddaf6ca,False,20260907,25761efb5b72f3ae0b1d62db552b100a5a7f7c02c27cafe86267b5b78bcf8c58,A.1|macnet
whowhen,math_debate_0072,math_debate_0072,2e7717489b99208f2f5707f3a7a7a1c5c0589245fd48a8747c18be82e9e95b65,C.3,debate,math,text,df7fefe0707e90687050c1272b5651bf888c202232a35c3780bcc543d04d6a09,False,20260907,1a2e3817b5681d4a8acb3e97ab295ac36e4ba16179928fb9fd7f1d3c02b23618,C.3|debate
whowhen,tablebench_smolagents_0170,tablebench_smolagents_0170,2f05f18d5da5539d8ba3bd3156a9d73884d7707281ed801be2e5753f33b1db51,A.3,smolagents,tablebench,text,a3328ca9d83c3bae4cd8ba66ac0484bd1adaef34cf125d975ffc8a982e580589,False,20260907,10c76ebeb265f5255f6045b8107645368524fe8eb17c9d265a09afd703310f14,A.3|smolagents
whowhen,math_mathchat_0274,math_mathchat_0274,304ad397a367b8133d45d2afe5c343f6f1d36267df82cf111d3d39dbe062fe98,R.4,mathchat,math,text,348416a83961f20e8a663ba8072461e2c3c89da06c1aeaaa4220f05cf5290497,False,20260907,155378467d0dff407b027a57104426688e39da8241b9781459376a6c415ec484,R.4|mathchat
whowhen,databench_smolagents_0302,databench_smolagents_0302,30d1f048949dd515624c82dc2cf9c239f336642dcfb06c8c45c4cb225d20b168,R.2,smolagents,databench,text,45583a7567caaa2baa8c2e02b978fb278ae41c5268dba1cfa49f9e45b09b3407,False,20260907,2fc0c08768f0dd4afd4c5dd6285ff4918a132de4c68739a91cc08cf7e9e2ae81,R.2|smolagents
whowhen,tablebench_smolagents_0596,tablebench_smolagents_0596,30fdb527de05210d4f52335a1c8e707cafc8f4f1d0631f17d4231d2eae778380,A.3,smolagents,tablebench,text,c17eaf543bfb7266d1e3550ba07670cbddd9d9ba6db9b8d8416f1cb0341a9570,False,20260907,0dbc370dfe18311021d01cd7f41d12a3dbb2f9e575cedaa5f18b6be06f8b9ddb,A.3|smolagents
whowhen,bigcodebench_macnet_0140,bigcodebench_macnet_0140,31851622862369acef7bb035bd39c26dd79527b7f4d644836c4348a71c016407,C.3,macnet,bigcodebench,text,7966676f232dbe76cde0cee182d2a3a914e573dbf3e8e612278e0bb8d47dc93a,False,20260907,2d3c2135efcd680e41bd1e3736111fdafd72f96d87aacd116cef580e344adbf6,C.3|macnet
whowhen,math_debate_0022,math_debate_0022,326de91b77cfc9e608ac0d53576dfb1bb10215706e97315ee3629f1ef41943d4,C.3,debate,math,text,5975e9c84fd5e5efe36d167136d156297014d13a81d8eb64ad97d1108e865872,False,20260907,1c7ac08cddd15c6ddbb869235a185c9fdcea9409238d390d0e8402a5faab16f5,C.3|debate
whowhen,simpleqa_verified_magentic-one_0148,simpleqa_verified_magentic-one_0148,32ab27fabcee5f71a937e243cce0da0f0dc574119a52293ddf53621411cddb08,R.1,magentic-one,simpleqa_verified,text,15a85f9aae2ba2afd0acadec963c06bbc9cbd213d6e2ea4dca6457b59ce35bb4,False,20260907,095d576d76b94d835a9b9b451fc2a29ee0431117784dc9b1e47201b20fead328,R.1|magentic-one
whowhen,dacode_smolagents_0083,dacode_smolagents_0083,32db8189e6fa064ae00eb414656eb4e6682d7bb3208398799882200c6e307fca,R.3,smolagents,dacode,text,26e31bf20163020790201dc223aca06de1eb9be13e32bc84e4dab46081fbfe6a,False,20260907,034e06d625c11cc85d50b0df2464d71c6a9bd472be80d6e833171bdcedd61e1d,R.3|smolagents
whowhen,mmlu_pro_mathchat_0068,mmlu_pro_mathchat_0068,32f314290a4b00ed4f2ca0dadb2e7d3aea57b6b31b767678977d5f3d48da820f,R.3,mathchat,mmlu_pro,text,a63b68ebff8175f71e1fdaa248827b4575bc7f25438e3e16f48dd753fa1ec526,False,20260907,06dcc4ad203adaf9ea1088d132d5717edb4c85c62504ce248c6eb3deb973ee7c,R.3|mathchat
whowhen,dsqa_smolagents_0093,dsqa_smolagents_0093,33b0ef3f265ddc4eaf1a3b0f3b981ada43ca9f0ed52dc7efe94bee8aa56e39b5,R.2,smolagents,dsqa,text,00d26c553cfa95dd6b72f1d2326c0d958b6824eccdc13a0a74bc8eafac07c62a,False,20260907,1519634f1a39b6425c0fc6e4294dfa44a0ab11452f82d8ec3f3d76cd76606ddb,R.2|smolagents
whowhen,scibench_debate_0048,scibench_debate_0048,33d9db0849730ff9e79f1e5d221f9935b236afe6d464cf3e50eb55d07924e624,R.4,debate,scibench,text,418e4aeb4999db0607667943b90d589c052a5799704d0e064609cb521d996336,False,20260907,0581b6d19092e6c9c4b80bd3f1c3760368ca6eb805725df7a3c3c736ac4d360f,R.4|debate
whowhen,bigcodebench_macnet_0071,bigcodebench_macnet_0071,3439328a2e2a39b7b6613d012120451052ca96e606c05ba80b6692ee02e95166,R.4,macnet,bigcodebench,text,55022b620b3c5629ad24e95f3b848ac992a696e8c84402fe295b019c5929c78d,False,20260907,2c2920fdcb64240f4d3c9b901824b43ec323c60919af05fc73e64ee8dda16907,R.4|macnet
whowhen,databench_smolagents_0655,databench_smolagents_0655,343fe7b5f10d0eec15728c35965e4c9259fa2f57b841708a72fa6f3d944710a7,A.2,smolagents,databench,text,1342b78c002197c6332e438df63022882e9cdcd52de4da5aed9707eee907e0bc,False,20260907,2976408533ca5958ba47ed8ebec2d14982a902fd5a9bbc8ecc1f5a9003ff47da,A.2|smolagents
whowhen,simpleqa_verified_magentic-one_0306,simpleqa_verified_magentic-one_0306,3476ff512fdadf8ce2f776d0998151d182da56b7c024587f77512cdf2424c1db,C.3,magentic-one,simpleqa_verified,text,44267bd5a0f0233cbab89eca5d71147410881c266fe0aa0d9b815fb6c4ddd9eb,False,20260907,51b64262c91148f60538853736a8d33ad38a7a8413a13974214be0e8fd1ad789,C.3|magentic-one
whowhen,bigcodebench_macnet_0094,bigcodebench_macnet_0094,3478a31ca5cf4d84dca733558066f91b59f3b874234b59ebbbbbb5fceb16c352,R.4,macnet,bigcodebench,text,20ebde525fb2375e62fd3adff3174a1f1d4b82b429904346abcfadb94d8e2caf,False,20260907,3966a045af2cad42d2c7ff20a4c4f0a8be8317defdd178cfb5b550dd2d82489f,R.4|macnet
whowhen,databench_smolagents_0618,databench_smolagents_0618,34cd72cfd28833a64faa9e6cb14da369d6406bab2a1d9ca1a6012bdc9b662ff8,R.2,smolagents,databench,text,53cea2c66420cdf5d23e73c7e7d4bb7796fd83c8ab4eb8c719bab2d1df93c4c3,False,20260907,18953e92fc84423803a69ff63a18ab56421bc546ece95493dca5f5b302a3f497,R.2|smolagents
whowhen,alfworld_alfagent_0030,alfworld_alfagent_0030,353943a5d4e75c061ac16e80d6b6f3af1c94a5fa7c2617473ff56bf83f01c9eb,V.2,alfagent,alfworld,text,f3cdec5b41eecbe263fb51dff9b5b220a9c05fb01b746d356d688794ca6c32e2,False,20260907,07a1ccc1cd23c3a409400a0a9f0f14a2777c1e2b1778f83602a8e68748eea9b0,V.2|alfagent
whowhen,databench_smolagents_0006,databench_smolagents_0006,35cbad7d5f5d9c2ef9dd72c3165a4465cd97b5eb71c4a8035bf4da23728f54b8,R.2,smolagents,databench,text,2bc6761ea82613050db335a9015efc10085376d499db42b63547a7d9f3cd803b,False,20260907,0befa7d0c753cb2c9eb27839e8051b626f7c69b619f7f36490e6a20ed1331fbf,R.2|smolagents
whowhen,tablebench_smolagents_0043,tablebench_smolagents_0043,3635f4468a47b9c958d2bb54eed1e99ae11622cda5029d743f569b5bc290c140,A.3,smolagents,tablebench,text,8ec33833d6251ba8065a16c286675aac96cfa6a219301912d65fa5afcd58d45f,False,20260907,297fe4bc05576a6699972ddbb66183680d8773346c003b4df3e9411f91dca606,A.3|smolagents
whowhen,tablebench_smolagents_0736,tablebench_smolagents_0736,36bfbc4aea7988b67fd72b65265ddf110ecbf4393bcbc4cec0405bc91bf539e8,A.3,smolagents,tablebench,text,5ba7e9f21470c5d03fd2adf2c57bb1b15aa4b285c9dc74ab92ecb47d5cabc456,False,20260907,009d8fb63510669cae0257af9fc5dc2c372d69bbc52d53354ba7ce31746750df,A.3|smolagents
whowhen,mmlu_pro_mathchat_0156,mmlu_pro_mathchat_0156,36efb00134b3faa66886e667a7f5fbef4d096d38707f3de5aaa27d1c649f26b6,R.2,mathchat,mmlu_pro,text,03a1a3a273abc100d0f18d682a49c58e5fcf2f952ca6845200307b536d09ed35,False,20260907,1a425f4e51e6b5ed6e003c239f78fec59f0b7524b5060dadd91b0caf5f1bf64d,R.2|mathchat
whowhen,databench_smolagents_0401,databench_smolagents_0401,39cedaf69f86a74b1d6ac8bb8bd68a44bac4f7a7bb9f65072ebf65d84a683fea,A.3,smolagents,databench,text,baad3868cc1c7196219959b721c27645598f07b52f6816708e04d9a72652b498,False,20260907,2cf2e7ac2a54da3d98d1984c1fe11bae9296dba42f9ac3c1800a7a4df5c14c30,A.3|smolagents
whowhen,tablebench_smolagents_0446,tablebench_smolagents_0446,39faa26166744c4c315060065c2cc01841fd92554e85ba81d165a7d4fa70d25b,A.3,smolagents,tablebench,text,d7096dbddbd705264aa8a4cac4fe6279f9fe5664cc35e1c529af34d8aa9f2ac6,False,20260907,06839d76dce0a64c67b97917ec18d2d5247604e1f1dce545100734f58702731a,A.3|smolagents
whowhen,tablebench_smolagents_0883,tablebench_smolagents_0883,3a4642d1a737d6dc330d51f468f2e8e172e577e5a1cf304999d54bfbe21930df,A.3,smolagents,tablebench,text,0f4b301bc7aae69cd59ed0adb48d5a6e3e3c9e682d897f857b356e2f34715b1e,False,20260907,180f08f95cf730f9d681bae8c1fcd2153f6533f0979949be70ea93770faa35f8,A.3|smolagents
whowhen,dsqa_smolagents_0654,dsqa_smolagents_0654,3acc57ad953f4ae81ea6f4c703f6b46065e1fb2e7ba98dc1871120ed2fde3f6c,PL.1,smolagents,dsqa,text,02d5d930a4eb978519f133fd3fea736c96b079729af17a25ce8c3f51225a3da6,False,20260907,49e9e41508fb2c049cc37fef504de578fdbe07e67a485801688ebb85916bfc68,PL.1|smolagents
whowhen,tablebench_smolagents_0515,tablebench_smolagents_0515,3bc27ba2d2fce1e8df0a198994565e1badea6d90a362800aedd0eea5c0ff2ac4,R.4,smolagents,tablebench,text,87da40e59f4bd64d0544c43a294a1f0c34b8727f1a1cf36390c0c6b6a8664c18,False,20260907,0735f8e7377c2f50baa5a4402db41e9495442d8c1e8762afa95959c7ab68f1e1,R.4|smolagents
whowhen,bigcodebench_macnet_0119,bigcodebench_macnet_0119,3d3a299e9399939d584556b24d0264295ead7720ae9a76a4a77ca41e62f7f12b,C.3,macnet,bigcodebench,text,7b5f4feabd91c822262d5d592a10113b45423d4bdffcdd5520767a922ee7b121,False,20260907,27660874dd8abdc753fcf7888baef0495d02b50d19f3186eb8dfc430dd73a251,C.3|macnet
whowhen,dabench_smolagents_0106,dabench_smolagents_0106,3d9a70572c7b577f579afa21fb5d856da4250533bb1a44b437480fe928b30d57,A.3,smolagents,dabench,text,23075938a755d5a4ecfb651f791d8e3a4500ba2beffc9db26cda5ae8da3e775d,False,20260907,2d6390524637f5759cd312a6d7596ad2d2aecd538bc0ae6c7b704581064c6cbf,A.3|smolagents
whowhen,dabench_smolagents_0044,dabench_smolagents_0044,3da1c69ab4b1e18b34083ed166a4876b47e241538f6b5fb736b288c11ce14ab6,A.3,smolagents,dabench,text,3bc2bfd35bb036fa8610ad077538480ea643fe9e55ad84f77f65d1b4e90cc698,False,20260907,01f3a68d0c6f8fcf43499b4b3802e6fd288efe6116efa1e67b6c528085759e8d,A.3|smolagents
whowhen,databench_smolagents_0179,databench_smolagents_0179,3e7db02e4033464b878ac18bd4ca57ddcc24095589aaffc2b2d5507a16a17a21,R.3,smolagents,databench,text,4f14f1016fc6b565bfe12502e007c098116e74319e525e36dbdbdcc2835fb235,False,20260907,14dc4f28cc16d9038ca6dddacb24dc58c3e356566395b85ff98574ca8b75e9e2,R.3|smolagents
whowhen,databench_smolagents_0414,databench_smolagents_0414,3eb78f99f57e6b015963fc53a2fd1845cd6e76e05121d525b45112827486a87b,A.3,smolagents,databench,text,962974b5fdaccf5b5a8ead0675559cc9b3f05f95684689beb02125573311c765,False,20260907,05745e845f5701588b6196b45a02fc4fb6a5985308e7ed50ad5a7e2ab322ebe5,A.3|smolagents
whowhen,tablebench_smolagents_0753,tablebench_smolagents_0753,3ebd1d0d8449240a11d44803e3560c87ffb6c8ea275ea135a5d244993bfc5862,A.2,smolagents,tablebench,text,2c07bb4000a06a30955e43fbed738d3a55ae7e73b99a683dc314d8593158b066,False,20260907,3529f17467fa3c9e2b2476be779fbb9ad16f306149ce75551a00697bb4c71939,A.2|smolagents
whowhen,gaia_magentic-one_0180,gaia_magentic-one_0180,3ecdd921be04e20e0c7d93e557e56fa6d5924595c7e547f55704b7af76fbe2ed,V.2,magentic-one,gaia,text,10ed69aa255a042c7b58e81646646ac7466e6d0d9ce458aaacdffc3a70f636fe,False,20260907,1bde93934a0ffde03542d243501e51f8c696b3592e91979ec036579dbb7d49b4,V.2|magentic-one
whowhen,alfworld_alfagent_0052,alfworld_alfagent_0052,3ee038aaceb883c7ec8150012cba3e62c397f5090468b48f43b4a1c0c1a6e67c,V.1,alfagent,alfworld,text,695d5920e9e83321b3288579ca13fc10ccc71ae06930fb948eb6da5a6e3b0435,False,20260907,12cfba3e350d429ddcea91d4d2be0ba6bb7f2b17492a94bb847e08b50ceaed28,V.1|alfagent
whowhen,tablebench_smolagents_0619,tablebench_smolagents_0619,3ee4a5df584add485cabfe9ae7dda28ba594f36b2f835e2be37f58801c0993a6,A.3,smolagents,tablebench,text,6f3b8c59e995a67a0c9163fb2f060e484fe51b2218f282cb118fa37456a6f6c4,False,20260907,25c427636992a5ec7600543154dd4416fdd7dca1070a75756f717d0b75cba13a,A.3|smolagents
whowhen,tablebench_smolagents_0401,tablebench_smolagents_0401,3f0b5f50102c3eb51c2e4f002cf5984558c0ed96b82dad524835234bc288d6c2,A.2,smolagents,tablebench,text,117890fd264bcbb89326bd7dd27cf9d7b9ff924f4449e2de29a2bcad6fc6b1bd,False,20260907,0d7b4b1d1059f3d6a956b2942df80aa9fd1e639123584064349f471f8ae82595,A.2|smolagents
whowhen,livecodebench_pro_metagpt_0042,livecodebench_pro_metagpt_0042,3f207e3695a05ed54129eaddbb8c0f18294bb7b27f36799fffcdaa47eedae4cc,R.4,metagpt,livecodebench_pro,text,3034288e4df6adc1ebab0be59a490f40ec4f062d0b0d374db0e894469a1bf44d,False,20260907,14003ee11ede9dd316d9a1fd214458011f81f46a416ad3198f61bb482e57578a,R.4|metagpt
whowhen,databench_smolagents_0514,databench_smolagents_0514,3fa1a94a0fc099606593b17c237a364a7fdd7cbfc1834c426e1692da84305c6f,A.3,smolagents,databench,text,2b80868862f3eb738ac3026659591a455dcaecfa20db4ceddae07f6147c1a865,False,20260907,02d3b4e4b1f514863a11ac8ca181c3891e55edd42a79238f2b67af4450e754c3,A.3|smolagents
whowhen,dsqa_smolagents_0579,dsqa_smolagents_0579,41f3963fde04a2efa2c023df15fdb1b0e84c7836c3fd79896228b7eb5e8cffdf,A.3,smolagents,dsqa,text,0de95330a975a9b0e78cc242f00b35b00de2210638309ad0cffc6b206d5d9e33,False,20260907,2bcd3e84ba616e934ce93c4832d7c140e368af2e3db5fbb1751f40ac64021ec7,A.3|smolagents
whowhen,scibench_debate_0139,scibench_debate_0139,41fa83d786324492379cf653e3004841883dbeadee02cf0166a49f5c0f5347d7,R.1,debate,scibench,text,41914a90ac44f972451aa3023060f5106851e2e1e3341f96384bd431d0d25268,False,20260907,24bb2c641d310e43c0b53b1d22f5b98daeec43d29461de0bf8fb883312abaa6f,R.1|debate
whowhen,dsqa_smolagents_0569,dsqa_smolagents_0569,420b0a33663a3cd3fd49967571c117c949c42a9cced74c5c498ea6fa0badf285,R.4,smolagents,dsqa,text,5dd8f50e044a3e4578c68084128ce81ce049f79665a28d3e7c4a88f1e6c3ab17,False,20260907,233c007ac86a4c15732e4347156841b9dcdd678f7ea5a00c20501c92fef1b948,R.4|smolagents
whowhen,tablebench_smolagents_0606,tablebench_smolagents_0606,4214629eb9787161881797513157c5030b79f8993e8cbefdd70b0430afe32e30,R.2,smolagents,tablebench,text,8b90938d6e8558a7efc3a54b6bc65b33bb40ccd303fcf40e55cba4e018062b01,False,20260907,2cf09d4766becc8473d9eee4185aff0d63572fddf289236615d82080c30c637e,R.2|smolagents
whowhen,dabench_smolagents_0311,dabench_smolagents_0311,423e2ee3c4f6aece45d33d7081eaf04c8df6c622f813d774188fc21bb44de197,A.3,smolagents,dabench,text,473118f6c1ccd632c72649be2c283acffa367149e2d151fe1b84c78f8b66815e,False,20260907,2ba42b16668190917961b1ca07680d8e097d976253a5e6dcc536720fe6830ec0,A.3|smolagents
whowhen,dabench_smolagents_0177,dabench_smolagents_0177,42fc1a8dd2aae7be43ed2bf9f9827e4efad138024c91672610be2875ba3c2bc6,R.2,smolagents,dabench,text,37093a94e1f26ef408c162eac19ca4ac73decf047c92bf3bb6f48f5f244eabad,False,20260907,0c9935894da81a16e35df503a86d56ab998f5ba0e54c7553e245f82a6346c02f,R.2|smolagents
whowhen,dsqa_smolagents_0227,dsqa_smolagents_0227,4379047c06d883275640dfbfca727201d50244f1235cbb0453e9e2080a769bee,R.1,smolagents,dsqa,text,5285afaba2c5114992899132d787e7128a7a3782549b73775eed4b178914d77b,False,20260907,4096cdca659ca1de9e9424f9e43f53b30577a361d1236263c0e17afcc535aa98,R.1|smolagents
whowhen,math_mathchat_0027,math_mathchat_0027,450f4be994090a74ae753ffea2b665b84d301ac3b3a9fe40af7859a95adaf40b,R.2,mathchat,math,text,b0dd621c726d349ac7039aba239ad325cf2e49515641bd3e49229af22e386ca4,False,20260907,1c3c72f60ea87274d1f9e587dd237c52d8e19beee754ed27ff8cc9b9b67ec233,R.2|mathchat
whowhen,simpleqa_verified_magentic-one_0360,simpleqa_verified_magentic-one_0360,459cc9030db98e10665de80298e148c8b8a11dd846ced768d9bcf900a81e1ab2,R.1,magentic-one,simpleqa_verified,text,9bbc14486cfdf9d88d4a5041d9cc0c2e6ae202ddf8cdb1a74aad53d383b64c13,False,20260907,0316b6d433b9834c37878f0f05c495871db40f0c593ec08064f4b70c05e8f17c,R.1|magentic-one
whowhen,databench_smolagents_0408,databench_smolagents_0408,46165371c7bab650aed8bd46142635b0d24453ee600047633673bec98cb5c2a3,A.3,smolagents,databench,text,50d211ebda5b041b2ef2f27e71e1b71bc52c7c413ec7b1ac2b4025160035e49a,False,20260907,0f6487ce16c864d02c922648364c9d5ad5d4d0e22c93515c243da621bc3cf359,A.3|smolagents
whowhen,livecodebench_pro_metagpt_0044,livecodebench_pro_metagpt_0044,471096a922ed421b5b2319f028ac5eb1a1c0ad3c52a452442d0d750eb64b8b26,A.2,metagpt,livecodebench_pro,text,21826153899c01eaef11f45bf9af5b97c95b96cb0ec0b2b258204ebe893218db,False,20260907,055ecd1114b89276e86e2dcf957fc8dfe510ade5ab95249a8689abf166ca0418,A.2|metagpt
whowhen,databench_smolagents_0579,databench_smolagents_0579,4770f994aea4d6fe6a53ef4c37955614d312c57dc856cadc29c081b8c6f6d2de,R.3,smolagents,databench,text,032015597b9c2b2260d7ad59aedd1ea20cec772351304959206542efe36a6817,False,20260907,02bed21fac622cc41591b214356bfb87ef4a65c56547103947a623ffa6d5948b,R.3|smolagents
whowhen,databench_smolagents_0711,databench_smolagents_0711,480ef1effb5e65d2b4c9c3815158b1068c423b53a901b8628aebefcfa6cd603c,R.4,smolagents,databench,text,65c8adbabb7fd4d30005b3c0b66f99aedc0be192bf9157063d162b846a342c21,False,20260907,227663ba7b3a3267661c32627d5ce0e4c9c6b96b0bcc051cdc0f44691f1f42eb,R.4|smolagents
whowhen,simpleqa_verified_magentic-one_0039,simpleqa_verified_magentic-one_0039,4870081eae0ed7410bc5bca93538fa3e16491193f569eae34d7dbed682e68c9d,V.2,magentic-one,simpleqa_verified,text,47a8a981767cdf24d15ab3b3ddb48e0eb1f018d20087b213a0fd590c75f80073,False,20260907,29881f4724337caf56dc5da1ddc54fb3f8631b482c4b1c6f89bb7f15bcfca759,V.2|magentic-one
whowhen,tablebench_smolagents_0513,tablebench_smolagents_0513,491c69d3bb7d1e33cb57bfcb52fa93302bddd490a729ac939ba0dd00143b8c74,A.3,smolagents,tablebench,text,de8af86702bae5157b9b61a324f236c41581806b493292bee86e87b8b98bdfc3,False,20260907,0bc65431a3b7507f88e3a046f9ef8d9a720332de6229cc5c4d7dca536d42445f,A.3|smolagents
whowhen,scibench_debate_0150,scibench_debate_0150,49a0304eac83bd21041308ba30db06d19e842eb9a1e0792be2b5294f35bc8ac5,C.3,debate,scibench,text,b23500f7ebb3aa540063a9ff20078234915a1617a81e6a315a71c24884d7ba8a,False,20260907,291e40deb2363d237874d866ade3a5f319fddf2005bf3be81818558415ba4ad3,C.3|debate
whowhen,dsqa_smolagents_0782,dsqa_smolagents_0782,4c52f1699d757706fb9f1d84f3fe6e61851e418993796c9e873c29b4cad9f5f9,V.1,smolagents,dsqa,text,2ba23e1844da5e270675b9c1756b8842398653aa92750a86d548caffb3f154ab,False,20260907,32371e0892058ac2bf1a30511dbb7832b76fbaff8982653340c7d6f8daf73ebb,V.1|smolagents
whowhen,alfworld_alfagent_0096,alfworld_alfagent_0096,4c840ec46c5714bcd98a06dcffd3642a040e64d1891a8b715fe6d05e94ee820f,R.2,alfagent,alfworld,text,346995c187866fc66fdbb5814e53b5cb7145bf961511fca36357ba428a4faea5,False,20260907,0d1f45968a215109acc119bb1e6e23bb3b0fff7b7d53f778996381a261fe94a4,R.2|alfagent
whowhen,scibench_debate_0035,scibench_debate_0035,4cbdaa0e80669d9523c42041057a6bcbd9624e03e6b49efd5a1d55420a8d5238,R.2,debate,scibench,text,62d1dfb814ca8c975af2b2d3a0dd780dbfdd18217cdf086d05fec2d2df13425e,False,20260907,12652a97986747834c52641a13b80ac63880f8869abf40d3a83f6445d89a4b25,R.2|debate
whowhen,databench_smolagents_0633,databench_smolagents_0633,4cd4e968391efb430d69cb50f9c4487048132c76be4cca900ce40b762f91e381,R.3,smolagents,databench,text,483a12779cbff05454ab5e42415811cbe402016869fb01062a31c4f9e2d0e8ad,False,20260907,079b15fdada5446c36613218bc24ff7f91583684acc4b636c3a84d641befba9c,R.3|smolagents
whowhen,databench_smolagents_0718,databench_smolagents_0718,4d8ca3b0c07a92ac9f4c493306782d3546da145fd70b1138b9cfb69d9fa13223,A.3,smolagents,databench,text,1a1ed2fd5d605e731d74b1294d2073329391c2842c21f6d3d24c6f6ba8240c3c,False,20260907,0978b5dee79bd2f8bc333b0bb0ae618fe39ed2a95e25958940b1d92355a3ea8e,A.3|smolagents
whowhen,databench_smolagents_0808,databench_smolagents_0808,4dbf6cf9d03007e7fc50ae2ed38c8f462bb3579f34d75eae58578a6d0877a0ce,A.2,smolagents,databench,text,745c634b5336246356eae9c1b4ef86f1e2d2d5d9129468250c9fbb72c27250f3,False,20260907,112c6aebfe437a49a5538c087152eb2096b5e46ae4261ad73ec966f1e37923e4,A.2|smolagents
whowhen,tablebench_smolagents_0186,tablebench_smolagents_0186,500bf5791c025555a40d66a08e482d3a82388932e2c4be1f52c00432b9da1b7b,R.3,smolagents,tablebench,text,af11684c6ca53e24ce80b7e3ad6cf7b4d8d7588eb1e34b3538d9b9127f4b2475,False,20260907,020b360c2c33359257b4e2e8ea1dc5ced022db228b2245edf189bf82d88cb2d9,R.3|smolagents
whowhen,scibench_mathchat_0059,scibench_mathchat_0059,5060d5b8e29ce407d156f283c2d1ab2c262868071f85d7877a7dbfc32e854c4c,R.3,mathchat,scibench,text,951708551832a3c2e5f828bf866561125f8320764a6e10cbdea40a084fe9c9c1,False,20260907,20e8acfb3099aaac606ce9daec5483a15216ea5784ea8f7c1dffd60569ebbf0d,R.3|mathchat
whowhen,gaia_magentic-one_0056,gaia_magentic-one_0056,51a34812ec384e7165e7f7df3b31f3d1a2a041f8263d1a799cfced341e6552dd,C.2,magentic-one,gaia,text,45bc92c5af4921ec0fd1e815987c0b71c58feff1d86428359d9258db4f7ee365,False,20260907,318036121ebaa28fb89351b100fd29368fef9219b8f4d1cab7968b46ff6e55cf,C.2|magentic-one
whowhen,dabench_smolagents_0153,dabench_smolagents_0153,51aa44065cfe6e451c09d4f7e1fe259b13db02a0e312b495f109c8dc27320b30,R.2,smolagents,dabench,text,7bdc07bcc7defd6810ffd06fece79025376d88114e68fd2c82654fc535686b32,False,20260907,200c28ac9560730bc179736870f61bea37a2192ceb96bf27bcb8e0a820a12372,R.2|smolagents
whowhen,dacode_smolagents_0098,dacode_smolagents_0098,51d9d5b29b9118d723d8e692de83b5065bba474ec6fc88f4471f0c3511fdf772,R.3,smolagents,dacode,text,15598b5aec8b714ed2f56083a4499dd19caa5e379044fd8871a3aa914a1f1770,False,20260907,10e696b6d89336099a0805da48f3f74c4ad3772a48827abba77965c74aa1ad9e,R.3|smolagents
whowhen,dabench_smolagents_0140,dabench_smolagents_0140,5267d7423e542cd700ad102ca77358c0411b367783b83cf8a8893ccd9d91e06d,R.4,smolagents,dabench,text,53433bc119bc4e32a47ab766fec88e000346aa729c75ab76c7a450af8213e1f7,False,20260907,0d55d4cb6a6d5960af16b5fc38663b9f74bf84fe73c03e71b02f237db0843440,R.4|smolagents
whowhen,tablebench_smolagents_0090,tablebench_smolagents_0090,52cac8a924bdc247ca69e8278a120b9b84985fbd44082b8789615831ce39e7d9,A.3,smolagents,tablebench,text,3c0e0eb7486c576200a815e2ea4bc4ac689886685463e1eb56a9b21f59b10d6f,False,20260907,14114dc7dbc5431a5e6de4aa1f2ab7a628d101937736ce7c8aaeb6c47efe642f,A.3|smolagents
whowhen,tablebench_smolagents_0688,tablebench_smolagents_0688,52f0452e7d66e43eebdec8f81163714c2ccf926adb6650a1168875b995ee1213,R.3,smolagents,tablebench,text,37bdaa8d1a7b7a3449c4a475d9764f534741cbd355bfcf56870a27b25a56604e,False,20260907,029b409bdefc2657e43609e0063e82e4ccd65d3f28eb44ca17569aa41749f72c,R.3|smolagents
whowhen,scibench_mathchat_0290,scibench_mathchat_0290,5341d2accd4614aaaefa1419a4e9006e90dbfec85de51ec751847282befc4b21,R.4,mathchat,scibench,text,5f05a5d50e3e0cf39e0fd45ffaa283b0e3c9fc8174dd90eeeb94e55cf1348308,False,20260907,04528a5ab107a03b3bde93531da088c943c51817dde1da85957777048b502ae5,R.4|mathchat
whowhen,tablebench_smolagents_0539,tablebench_smolagents_0539,53706af35dc93eb6f6e8219c351747b268eb819248cd9aa33ed4ab9affb0f64e,A.3,smolagents,tablebench,text,27636833b6ec146a45bf8e6f80447d8cafba302b308d7600be1d705dd65235cc,False,20260907,195a1858f4f69a13f9be6c3040cb3b51d3cd1d566a03157dc48efe7089a3213e,A.3|smolagents
whowhen,math_debate_0079,math_debate_0079,53784ab3800e09b533a5eab44c4b30fcae518293f521113359e1ed6d9f72ed6c,C.3,debate,math,text,365359951bda778c4fc4e083df914a8c69696c216c6f49bf4800edaebd76db49,False,20260907,26074b1884d6790fd68b3d843dad75ac837daa47737415a36253ec003b8113c9,C.3|debate
whowhen,dsqa_smolagents_0139,dsqa_smolagents_0139,538d33d031424ebf55b493b3301d9ab60fcd54b9c95d35985cde450f92b47130,A.3,smolagents,dsqa,text,1b8578d3d64370364cf2a3cd4973bc32dab9e4ff5e1c906ef9df8b59b7a6de6f,False,20260907,28461cab61d9c0caf82a6417d4c7cbce92889c5b1cfd80496f647f8fb5bb6019,A.3|smolagents
whowhen,dsqa_smolagents_0472,dsqa_smolagents_0472,540fd0643498036951c1869b767a45b34a0f3de1265e7a1b4cb14b66e5c739e3,V.2,smolagents,dsqa,text,f0afd16e8aa574b9a36a9e7d8c11fa4b8efdcb95d552d3098b1130f84cf6e58c,False,20260907,3451c156a9eb70c4fd65513e8124ee43b42261969abe5ad61c3dc4c97fce8caa,V.2|smolagents
whowhen,scibench_mathchat_0276,scibench_mathchat_0276,549e82fb1551e21e1ca014505a55daeaa203a822a167199fc4bc03f6dc55eb33,R.4,mathchat,scibench,text,0fda05bd046bd1af599eae621541126f912ddb959648b20779426bd7e7c62487,False,20260907,0254b398c024c188dcb0899191276068bf4d6afca0054d7f454b8cd216a19c50,R.4|mathchat
whowhen,math_debate_0138,math_debate_0138,54ee2c6cb213406a10976524a18b845226fe27e345661584fc1c4603439c2387,C.3,debate,math,text,54f9eca1b21fd979995b57c3cee9b06f23a980138868997f99e8e4d88e6ce3d6,False,20260907,05ec8d5fed839a0eaa4816a867c5025c4b4d28ec83a0e9390fba64b79840d657,C.3|debate
whowhen,gpqa_dylan_0038,gpqa_dylan_0038,5507da514ced29c895eeb6005c6aeee44a481c35ae98b87858a4d0de30055745,R.1,dylan,gpqa,text,a76095851d11db6b02cb26bb7e0276d5224022c8ea5e4e23bf061c356c9eda7a,False,20260907,0368a65009c2fa4dd23e21cd57421ec81fca885ae085a4357e1516bb5d8aaf9e,R.1|dylan
whowhen,gpqa_dylan_0007,gpqa_dylan_0007,55725ac89bb21fb1ff29b366b4e50f5ba01d80a095533c282fbce128dbe184ac,R.4,dylan,gpqa,text,2ab914508abb8c4c425a6e3151685c2e5ca39b20b232c6628cede9d3ab22d553,False,20260907,2aef81ab70fbae4787965e7451c3adfd228f9a8566dda4d864ac7b64e1916a13,R.4|dylan
whowhen,bigcodebench_macnet_0055,bigcodebench_macnet_0055,56804487e8e26841ac2608aa6a03c3bc6d8c0c92700518ffa11f56df00327ee7,C.3,macnet,bigcodebench,text,5e3ddc2f20de6eeb1c633f78114089daadee24a34674a79cddc8726eb866807a,False,20260907,0cca1f6be8db5145700f39e1950a0499841a9885f8e11d6134c9e14205c5afb3,C.3|macnet
whowhen,databench_smolagents_0734,databench_smolagents_0734,56a76d81ccb7a1a8b98b8749b51e5b681a7c63f61f723390308e72a18bb1a8ca,A.3,smolagents,databench,text,92313b42203411058f0994093924f9b4a0583a23ef62aca5233d9204714c968a,False,20260907,2f82b269e2f1974c2f9dd2b6fd7fc7af107875d2c3777ea6429dfb8ac8100718,A.3|smolagents
whowhen,simpleqa_verified_magentic-one_0483,simpleqa_verified_magentic-one_0483,56cb22b3d0e7c62acac82a4c6789af536fb70c995a84d000934ea4bc2aca99de,V.2,magentic-one,simpleqa_verified,text,4040dd101cc574f8b7b089b887293a1cb79eeebf2448d58f7c67307e087af791,False,20260907,106bdc5b7ac69ba0e3a75ef87f350ec5da771fa6b78708d0c44dd9c5efc60bb7,V.2|magentic-one
whowhen,alfworld_alfagent_0199,alfworld_alfagent_0199,5705f9c1795e0ab745280eaa136503d486ca4aad3340f9d773aefa77cd33cce0,V.2,alfagent,alfworld,text,d504a150d45657d4c3566377dbc7f187388c5b087a7f36863196f03c535e7ac8,False,20260907,291e8875bf4c345da466073c6173b9294b3ad7e6f7403ee07c9fab04ec9e0f2e,V.2|alfagent
whowhen,bigcodebench_macnet_0102,bigcodebench_macnet_0102,57420152b88877e5c11e5b8ea5921d4ada07a57e6f4ca7d4034d8010b23f1d5e,V.2,macnet,bigcodebench,text,2af74f0d992a53912ac29dbd239fbbef39b54a449a513b18bb52dbdaf64883d3,False,20260907,6a95dc6031f087a271163100573faac8b7223bead91889c676c9db9d87641d68,V.2|macnet
whowhen,tablebench_smolagents_0369,tablebench_smolagents_0369,58039f41e08b1a81e93110e677f4f2d5072582cb39488fdc1fff7972416c64af,A.3,smolagents,tablebench,text,9cedbe2849b1958b34f3e6ac46a3545db9723eb86062612d9a8c5e8dfd372b8b,False,20260907,058ce991705d83973933bbe892177395e3a814a68fd8f40fb23dda6af930ad17,A.3|smolagents
whowhen,simpleqa_verified_magentic-one_0238,simpleqa_verified_magentic-one_0238,587a04ebf0dec4aad16743f7e5c7fdd90d1d840598c86b740067dd7af6d17ebc,R.1,magentic-one,simpleqa_verified,text,7f1e09c0bc1cf1c5db9e364619b8022d2edd088bdaf3e8328b4dae2cd3a702f9,False,20260907,0bbdb801891d91f82beb69de78c433ae6bbe41668fe83a3bb563798731e4c982,R.1|magentic-one
whowhen,databench_smolagents_0227,databench_smolagents_0227,590ac9c9b40816a6cdae17cec303d51b1cb68a0315dc1aa5c2165a64da593ff8,A.3,smolagents,databench,text,ffcd9c4b95fc57eafbe691888fb560e2cf035a3a44a6b21cff31f46cafd36d85,False,20260907,3268493629cc094cc2c506f979e509679d6df8b4a698c69bac5bb7a6462bc87f,A.3|smolagents
whowhen,dabench_smolagents_0145,dabench_smolagents_0145,5978f26b67fb32f20d7c280f18a5eba0eb2505244f936a1bd5460a624828049d,A.3,smolagents,dabench,text,631ded2fb6ab177a237316a6065fd3d5408bed1caef23c686af0a15181cf3393,False,20260907,3119834aff09b892f513807762202f23113026c73d6fe16ff2542e95543b6602,A.3|smolagents
whowhen,databench_smolagents_0420,databench_smolagents_0420,59ac227242326c565ed8bdae8f15eef5de9202e2280c4851888a299312d19060,A.3,smolagents,databench,text,214e95a8c059024d537227c9ae2a9a98c63c213b695da95b520ea943f610e074,False,20260907,28c1f467ccc2beed9e0639e4ddd265df85380c0eae412031432792df955bba1a,A.3|smolagents
whowhen,databench_smolagents_0030,databench_smolagents_0030,59dc5024249b0016a50ef6f6abeebf0dbae3f330c969f956f7e147fffc6f6e6b,A.2,smolagents,databench,text,39d2a8f9ae28d25afe7f5791730f197dc91b79ea5f37903a4eafce5e521cd8f1,False,20260907,04ae29802f1379ae5d6e45f438cd738eb02ad1d931f449fb960c78140da698b8,A.2|smolagents
whowhen,tablebench_smolagents_0089,tablebench_smolagents_0089,59fd3cb90eddc73c2b0dcc044f50001d19f1d0d77775b49c4c835d2c6122eb8f,A.3,smolagents,tablebench,text,099472ff39a29e6a443add905804ffde7fa94cfdf9e288ed2d87150b413813bd,False,20260907,0b1fc8bca93e9ccca0d8c71934067a3bb09da60c6c64b53a01e7906bce787352,A.3|smolagents
whowhen,math_mathchat_0180,math_mathchat_0180,5ad526a879a52137480cebd54b3aedb3452ec317632366ce007ad22002c4c2f6,R.2,mathchat,math,text,64cff92f869af0ac506ec647a1867736c8ff5ef09b14d2ddd02b3f5412d4c6f5,False,20260907,0dfefd0654dfce2ffafea3fa6cf7c2cd11c37be6a74483b1eae71f470b86e8db,R.2|mathchat
whowhen,math_mathchat_0124,math_mathchat_0124,5b2b56b0b02cff03c9d25121ce9bac68bcca2815f65bbb73d8dd91eb79b218a3,R.4,mathchat,math,text,1a5306a9ed57d69cd5197d9b9e76d58521a0a1a4c623824c0bdc0dd49582deaa,False,20260907,0fe6abcb5002cde2ec90a8d920cc154642a800ba69c0cd1ff1400c8a2de07595,R.4|mathchat
whowhen,gpqa_dylan_0041,gpqa_dylan_0041,5b32af8f3ef4a304c6a62f92ca87f5b8af7fef1eb3980f3332848fa2e0f3cb3b,R.1,dylan,gpqa,text,5f22804ee5c857d9c9a73e92a43b23c1bde0c50e3b1a37499d2664cfa1d7c37a,False,20260907,1700ac49b817a081d3eca3f65b1ddc2e9e71467bca0d3a4eee9cf2aa16efdc4a,R.1|dylan
whowhen,tablebench_smolagents_0180,tablebench_smolagents_0180,5bb960787daa9a987411db3eaa8dce0a3bc74c6ff55137d96fcf88f6e5f1528c,A.3,smolagents,tablebench,text,1a6b07c57fa629fed0f540d179f4c38432f63ec6ae8992b9b7e985fc2d68ca57,False,20260907,153978c178364fd05892fd682c9fed5398b5e0d086a185728c9d1bfb483e3902,A.3|smolagents
whowhen,gaia_magentic-one_0260,gaia_magentic-one_0260,5ca2f9c432cbc4b4399fb3f66fc996b86316a5486f2225e11e5aa02245d30129,V.2,magentic-one,gaia,text,2842107a8b10f7ad296ff75a7c5528a84fbf384016ef631de2a3691904099696,False,20260907,11103aa799e0a0babe8f58aef7dc9f9ed79bac65280fa8fde87b2e10a717cd17,V.2|magentic-one
whowhen,databench_smolagents_0184,databench_smolagents_0184,5ca787153abb4159225758f395b067fefad0e93275ebf39cd26f162cbda245e0,R.4,smolagents,databench,text,0019f4aa12478a21e586f225f90ce54162696171d387b08690fe14e733e715ef,False,20260907,297c6a65cd17fdc0703c6a59d8eea25b5292499d766d10eb0dab5b9d40dba47a,R.4|smolagents
whowhen,databench_smolagents_0446,databench_smolagents_0446,5db2ff57267b66c28bfc4ff0d829956483c1c0b50baca94a377ac5f0c824b8de,A.2,smolagents,databench,text,725ab3181dd92c368fa63f38da7586bc78d9964462ce5f5338e33ba78c59e005,False,20260907,0f403bac74dd28c5735702a381881500d87651568e35762cafe8ec920a2b610f,A.2|smolagents
whowhen,dabench_smolagents_0282,dabench_smolagents_0282,5e60006e116a80e82371aeb06c9056098edeebef17c9634fae70b0ee68e5e82b,A.2,smolagents,dabench,text,151895ad501b0f756f949f9f62a100584aa27159118ef7135caeca494ac4be69,False,20260907,1119c0476ad1ffa72fd3f4029732181b7e96a3cba51b1356d4821bc1ebc96284,A.2|smolagents
whowhen,tablebench_smolagents_0046,tablebench_smolagents_0046,5e8ee178a4a4de4f01824b4631cba119b5c3b6fb97e02cd9030fa68b29faf4d1,R.3,smolagents,tablebench,text,4c47848f77b885de35757862326210545ee3d2e715cf208bf7c3cc91edd17af0,False,20260907,14a4442455914a4648246625e35ba14ae10687adba6e07ee75fd22d4cf6e797d,R.3|smolagents
whowhen,databench_smolagents_0439,databench_smolagents_0439,5fdcdc1dd023d2942f2fddb495a1f5b63d177919c339907bc2d68917c9135621,A.2,smolagents,databench,text,51da08df5111faed7cfce05822f4f1bbffd04fab4b70a462469dc0697f956120,False,20260907,2e86acd05bad408f0d164183d506d13781b6fa39e46b42b90023b3cbf9c45516,A.2|smolagents
whowhen,bigcodebench_macnet_0145,bigcodebench_macnet_0145,6085bb4b3ef423cd3f79135dad16fde3be8933482f2cfc310c0dd4cd1d80dff0,C.3,macnet,bigcodebench,text,f79b82c23106ec05e08a0eccceb7e6c51b5a830df559e0e59d12ee8fa4caf8c5,False,20260907,25bfe5872e2b3a1a7b43a2873d45b3f7621e7d821102389097f568ba87db4c6a,C.3|macnet
whowhen,math_debate_0098,math_debate_0098,60aef2bb76f6b9eb1a3c5ecfb691483bb8eaf8bff70705ea827c28774456336e,C.3,debate,math,text,eab793d1a8aea4b8212199f869692ad44ab5518561b1d8e1b9d51e717bf8a0d8,False,20260907,23eaf540c3d640badabf8a2c96d2cf95227dce697b09da7489e4066b2fa854a7,C.3|debate
whowhen,scibench_debate_0098,scibench_debate_0098,651e78e4697b29991124574559d1aeb297b8310a849637738501a11c4f969743,R.1,debate,scibench,text,4b60d9a38eae302172c592fc20d673031301f82eee934ffcc5475480fb1924a6,False,20260907,3acca1422ee84b2c0ff8d34000d33eea3b734d27a1cf4eb64b3e268538b307cc,R.1|debate
whowhen,bigcodebench_macnet_0029,bigcodebench_macnet_0029,6525d8efe1bc8e2a834b79550653b3f104b02bd539ee28c273aaabd85e3333a4,R.1,macnet,bigcodebench,text,d41b5fd59956ebf741aeba1433677419d8afc10c846488309cf098a1c6eda2e2,False,20260907,521dc0c29622cca0fea041b224cce0d3464173eaa30edbcc87adc45441b2189b,R.1|macnet
whowhen,tablebench_smolagents_0375,tablebench_smolagents_0375,6546c653b2d57440861c5edf52a013f01a100e1e8eddc5b94470853c9b6d4bfc,R.4,smolagents,tablebench,text,14cfb8591b0013cc643ecf149ee428436e22fae04a33c5dfde816a5da44fa2f0,False,20260907,087628a77447507ac92ea5494e993c3b06bf99037a5eed34605113c49acab132,R.4|smolagents
whowhen,scibench_dylan_0021,scibench_dylan_0021,65526db231352de10f7806aeba9063da59957ad00e85b3e827e6cc10f2db3f01,R.2,dylan,scibench,text,2dc7830854ce5d173edd2df056ba288b5f32d8833b85c7673ae4f06f15caa818,False,20260907,0293f0ac3d1e5e636dce5078752ccb0192972eaaa40b400e4f134a4188f9ae43,R.2|dylan
whowhen,livecodebench_pro_metagpt_0035,livecodebench_pro_metagpt_0035,65bc213bdc099d828579c2679f57354163e10c8cb6af870643864f5c100705da,PL.1,metagpt,livecodebench_pro,text,04827d069e645bb51f6c884837760e2f38b1f7bee59c003dc0233e095d4c70ce,False,20260907,3f2d27aa8cd2e7cdf51f1ae7458496fe86cd3e2b3fcc31010fc6e2c11f805755,PL.1|metagpt
whowhen,tablebench_smolagents_0872,tablebench_smolagents_0872,660c0a3571ac059bed0dfd043e14a56acbfbf381feeb33e4966eaf3d3b8d0612,R.4,smolagents,tablebench,text,8905950884572383e57abc6123647dc99746d1270b0bdc24a585cc67df5294f9,False,20260907,24d7eb8d65ab4a1558c8c8c6c43cff3f3c9b139d6e80c5a49f471713feaf8482,R.4|smolagents
whowhen,simpleqa_verified_magentic-one_0247,simpleqa_verified_magentic-one_0247,6738322284c5b09ef0b7097b8cac17438453905854ed23fd04ab3d6d13da2025,V.2,magentic-one,simpleqa_verified,text,3047b18ea7a860f68d819a4e3b97348f3e829075d4d667588587c8673f24fcb8,False,20260907,0c275fa336eb2c0b6c82072fe30acd0762775ee12db671cbe074940b788ca6c1,V.2|magentic-one
whowhen,dsqa_smolagents_0762,dsqa_smolagents_0762,677d3d615823bcc9f96bc280ed9e0f6af2f94748a73075d004999afbae04d255,V.2,smolagents,dsqa,text,50e1076e364e9aa517b9fc9d73f918506144ffd1f51b537f7bc87559699d1241,False,20260907,2598d75419f9a8523e2912748e7d5a80908358925baa25ddbbab929dedb83986,V.2|smolagents
whowhen,mmlu_pro_debate_0039,mmlu_pro_debate_0039,67ca4f5f9fc047e7249d26b6991b5e86313527663d2b3a95c9289e5ebae5faed,R.1,debate,mmlu_pro,text,0c367d85d9817ca3ae0fabc917071fd016eee93ceca7b89e778ccbc437748dd7,False,20260907,34b4f36f4b27f0821b0a07cf40799464be7b3806accd66dfd60e061c94e09053,R.1|debate
whowhen,databench_smolagents_0749,databench_smolagents_0749,67e106156f10015e66192aff457070a85998e5a439e36016e8548881043b9887,A.3,smolagents,databench,text,18874e837f2b86ff9f576b12b1708940d711910c92122154c99ff154944779f0,False,20260907,0066885e5bd28778cc2be518020b32495283103c8979df2cc189cc3205cab638,A.3|smolagents
whowhen,tablebench_smolagents_0094,tablebench_smolagents_0094,68e30def81e51aef0b1df227f28b741c729a4bb23438ca4cf3f69bfc6e471952,A.3,smolagents,tablebench,text,29bcf9d53b27d2c7d0bb311ca0b28d488ea937d2a02cef0fbccff40019ca6b5f,False,20260907,19119ffe6142b161e655d7d7ed3367cb754b51a4c07faa7a4f8165daa61254e0,A.3|smolagents
whowhen,alfworld_alfagent_0127,alfworld_alfagent_0127,693fbe41dc8801e4e950f642e91e4466d0b202542490ce42982bc566c4bf92f1,R.4,alfagent,alfworld,text,0013b925c680623b41caa3242fd5fb9580a31141aab9ec9d7ac18ae92728f1c5,False,20260907,1c9ce98c790b7d4e1fd12af207c9fabb7a4e3a57255eb8d7c3c4f7ac4c9fd9e3,R.4|alfagent
whowhen,alfworld_alfagent_0183,alfworld_alfagent_0183,69b1a953ece055a116074c7c5ba40559a0c4682788ed3df779a99d6642e5dec7,R.1,alfagent,alfworld,text,6543a8ffc49c2529f880cea986371ea6033fe3ae2457a7167f789c7e4a2780ec,False,20260907,0a55cf207ad2608ddb43b0da81e2a087c1e60032375d63803f95b5d8a5577e1d,R.1|alfagent
whowhen,tablebench_smolagents_0321,tablebench_smolagents_0321,69b591f920028606bd438eb68559502afb865a8c819453c2400caca587de2d96,R.3,smolagents,tablebench,text,c2bda59bf96a2366f615ab4cbeb169d73879f2c6cdffff6cf17f24cb34446af8,False,20260907,139d8fb6a4651f0855fd7415bf0632f88b0ddcd92db145ccb95aecd5dfc5047b,R.3|smolagents
whowhen,tablebench_smolagents_0259,tablebench_smolagents_0259,69ebba7f8c1cd7f6b8ca365508c35a5853387518ddf0ebf83c4d356162fe7969,R.4,smolagents,tablebench,text,2ea6a84394ba32ed7f304952922a97ac1a4b550ec9556f8ee60f3ada6bac101f,False,20260907,167122a083186cb16e59d58c92fc7a2f3fda88020b6a73497c877dcda098f770,R.4|smolagents
whowhen,math_mathchat_0140,math_mathchat_0140,6acd8e396b6fb567a258ab4c72e1c6063b84e696e8c8121bfdf66f4f1cb7131a,R.3,mathchat,math,text,29a4b7ac98ef8b95de1408521273a36ce30e5bb3e99d40984255df7ed413f841,False,20260907,284d43e7f8a996dc38571981e88fb35c3e9a2b19039d1473d3b959183919fead,R.3|mathchat
whowhen,tablebench_smolagents_0091,tablebench_smolagents_0091,6d0d9078d2923e3318d94d40114313e90b6166612561eec591f289a104eb4fa3,R.2,smolagents,tablebench,text,c00b4fc982a4c9126c91f86a62a020c840a61fe1e1935779497ea96d32d3b632,False,20260907,30ec2c105a5f9fec3ed278457dd3cc7cfd381d6433d108f80a4af85f8b8871d6,R.2|smolagents
whowhen,bigcodebench_macnet_0099,bigcodebench_macnet_0099,6d306564039aed13748742ba052f3b0e594e64bd77d81dc723edfc2b2c202e03,C.3,macnet,bigcodebench,text,627d61661d918002c492dd9c3fbfd18eafcd15cc97f4ab565789b1226dc24ef1,False,20260907,04ab546cadcdc0e230a2eee6d5e3ea4b27081dc723fc7491cbe13d2afe0b4166,C.3|macnet
whowhen,scibench_dylan_0071,scibench_dylan_0071,6d6b34d3a32df3944c0c6c04b4b1982e89f69472233ba42502f9c1f9144abfb3,R.4,dylan,scibench,text,7cc3f9f6b279bee1e85a263669d474d418ff1890b4f08a0a3b175c8e3f88a8f9,False,20260907,2c1e0092f9f1a35981f973896a09595533ae2d8caced5717790fdbb186ba31eb,R.4|dylan
whowhen,bigcodebench_macnet_0148,bigcodebench_macnet_0148,6e89d15be0148732fcb847cedd52b322a524e2b00ea122c22d093711211eece6,R.4,macnet,bigcodebench,text,2b10cda457142d43cf56f55e069b207b61475dec7badee77fb0dd4a5a674351c,False,20260907,46c7c46902b0a9cfcf944a581f1596cbc676bd7f65e04fb2df77676b10966409,R.4|macnet
whowhen,tablebench_smolagents_0453,tablebench_smolagents_0453,6f99abed04efefa726ee81b19e326034f47c7ec14e38fd529354a3603c96e27b,A.3,smolagents,tablebench,text,dfa86b3551c99884cf1a8064adaabc4227d3301d009415efbd75ed1673c842f8,False,20260907,1bbb32d5f490da9cae2bc4e9e14d3dcc35cc21c9877dee8a89e89dbc1b60f47c,A.3|smolagents
whowhen,simpleqa_verified_magentic-one_0217,simpleqa_verified_magentic-one_0217,6fa753e92cf09735f4035aba590730c27b8b16549c44d2309138dc083ca9929f,R.1,magentic-one,simpleqa_verified,text,86a5a2ba2db4f406905d1d8381d1e01d451249e1a5c49577caf6709e85a4e5a1,False,20260907,11a738fce48ed1d96d87d4fd62b88dea79c93b85f63e594f5b39240554c495b6,R.1|magentic-one
whowhen,tablebench_smolagents_0076,tablebench_smolagents_0076,706e0c4b21fb76ccbb9dc035cb80eb929a477d769d9204af44a3d49408096c7e,A.2,smolagents,tablebench,text,5eed95a5867bd33108fac8949f700957056439bb2eab1ec85ee2fdf3afde9b08,False,20260907,383f963eebfc265445b1a340db920ba74304d5543f380028dc0a3519e206f40a,A.2|smolagents
whowhen,math_mathchat_0246,math_mathchat_0246,70914dbae1b5daf1bceb9f13b500e1130e8a17335a435ceeb500d949b5a1f646,R.3,mathchat,math,text,5eda5345d57ef1c671c7992c8e8608b3539be498e6bd7e55add8d1c5bc710b1f,False,20260907,1f15e16d37e1b483c7790389513f76bc4c7e2696b8e9b5ddc08c8651f711f8ca,R.3|mathchat
whowhen,math_mathchat_0007,math_mathchat_0007,70f0e57aafc021166d68aafc0d349a001646b058deee49c6663698312949cab0,R.2,mathchat,math,text,6314c0c0c2268d0b7ed5ca3abcbdd6c43e62a1296d1922dcd45f67c3508061f4,False,20260907,183cbdfc40800604a8fc909f9a1a706e9ab615c580af2d086c6d4aba2f609d1c,R.2|mathchat
whowhen,dsqa_smolagents_0428,dsqa_smolagents_0428,711aee39b07e6ca2faa98d073164a4430570b1be01543a2266b87271ba73f3b6,V.2,smolagents,dsqa,text,29e451bf8029908343e6558b5fb7b971a9cbb815701ad1725acdc8ec769a162f,False,20260907,17f5b918d9949d9aebbc5423604171dc5aa600e6537d1aaa2f877c337afd52f3,V.2|smolagents
whowhen,scibench_debate_0158,scibench_debate_0158,71926b495e6c7f28888b0918541572f970dfd01581958e8b1f69614ca48d1c16,R.2,debate,scibench,text,256d877205115cef752b4777ba8eb93be98acce3f78a08960e2bd8587be504d1,False,20260907,197c1bf75d7818d535834ab3f232e7483a11f36ee02311d7698ff5abcb7ceff1,R.2|debate
whowhen,databench_smolagents_0040,databench_smolagents_0040,7206a87aeac037cb4e9814646156a176c676868acb029aaae3c2115c457703f5,R.2,smolagents,databench,text,4c04e24fdc14262fdc249e1b1ae9be097987c0f1b1eb7a2e9c64a20b26e3265c,False,20260907,05031691a314cc6dd36fd170098015d227f68c0e5008113fba8fefacffdcaaa5,R.2|smolagents
whowhen,dsqa_smolagents_0706,dsqa_smolagents_0706,7241e8da71453aa67b4d90cb2c20f85617413ed3af456bcf6e1b139cdd8d9723,A.3,smolagents,dsqa,text,0f0a7ec60e66ec803113c11f88a8744f598c77a548cc6d561590abdae8ebc438,False,20260907,24cf6bdeca951dfdba85c52d1e2aa25064dbd5d2ee0e7990b984026367b2bb09,A.3|smolagents
whowhen,mmlu_pro_mathchat_0034,mmlu_pro_mathchat_0034,725ed87ddc1d5e95465975af840af86089333737557b8a6e2558f59428e8055f,R.3,mathchat,mmlu_pro,text,07beff1a53d053b996a7a54a496c649178fdec7f70c7229ab197eb77f1575d32,False,20260907,1c1acbc130af5e5f2a1804e179378f7d40d7bcfd7ee45d905961616a171d74bb,R.3|mathchat
whowhen,tablebench_smolagents_0003,tablebench_smolagents_0003,72d4353fc9549301c5816babf30bed9b039f3df7503af8e96d5b1ce31ec02271,A.3,smolagents,tablebench,text,1ca0a7d4a92f6b5b4cb8504bb1539dba56d2e30352f9cb73692b850225e5218b,False,20260907,27cb654a75ea9df2d9ee50f88149051f84ad822f0828f09d036952974efa6619,A.3|smolagents
whowhen,databench_smolagents_0615,databench_smolagents_0615,7484ee3e6426af5122d02422119a64fd0dbafcf2fe17e4894892afb1eebd17ac,A.3,smolagents,databench,text,10f5ef8591ccf787f222b9f47331292edcbf26fe66abac332e21a45da6727179,False,20260907,1e28aa126f5abbb98ceabd9f2f555759f47a72e18ebf2eb01d5e7a0990de65bf,A.3|smolagents
whowhen,dacode_smolagents_0227,dacode_smolagents_0227,74a8eeb8455916796a05693d6c0403fd12c433793fcbe2c8560d6674f96c4b4f,R.2,smolagents,dacode,text,053238faabc6be73beb298490a93b2be9b69fd7f5b6b6401784e783dae492c87,False,20260907,10f4ab09e1b896b90b296a588737ba1176da8eefce676d94c86f41566b382018,R.2|smolagents
whowhen,databench_smolagents_0080,databench_smolagents_0080,768e7951dc8c11f0b18e6ba5c644c053992c798512a6ed84b71bce8730a0de09,A.3,smolagents,databench,text,3484e8c12f0f936bc364077b51c7f0564e41ab625dbf82e1466a7420586e31d7,False,20260907,11b9601cefb2be9698f4ace0bbe9c3c440556a4b724fb16bf1014d49711cb5ac,A.3|smolagents
whowhen,dabench_smolagents_0090,dabench_smolagents_0090,76e9322cb47110ae24ef888b91c8953c5c5aeaadea489f3292c572b33b0d6cdc,R.4,smolagents,dabench,text,43ef8a82b5cb27dc306c5ba1f5b53081ee65c27617f083c257e6cb6f693461c9,False,20260907,05c9edc1eab0fd8412adcddb95eed6f25f6e74504f026e13f79dd2dfa3e5fbe0,R.4|smolagents
whowhen,dabench_smolagents_0014,dabench_smolagents_0014,770394ace050befd989ebd51ab9d9311245eec1f550f86f75c8da4e69dffbea5,A.2,smolagents,dabench,text,2ec61022970af9321e88aa5ee4058b77e9f3f0b2ebe75a82166ae2b94197fba0,False,20260907,190bba4648e398ec1ac0c307ec28aa833458a506c914442ccc5c5850824fca56,A.2|smolagents
whowhen,bigcodebench_macnet_0101,bigcodebench_macnet_0101,782cb99c6d6b738e6fc526b38b617abba3533debe59017eb6fb7120be4d60f07,C.3,macnet,bigcodebench,text,cac76e15f93a2fb8ab386c718f484f175e32664ed4c1699002913c8de1893db1,False,20260907,18ccd4d25e8716426abd9698dac7582bff6a7fb422e8b7c215c469181a9d2273,C.3|macnet
whowhen,gpqa_debate_0067,gpqa_debate_0067,78c33d76d5b3e75b1b6092ee22b6dce76aaedd0603fe094a83169f401f734f11,R.2,debate,gpqa,text,27c81e0878f43e36650dfd7d7a1820391299d60a55a5560ddfe27dea25d9d11b,False,20260907,4e1dffa812bea919c5af9e5b6deff803c6d3e44e9db529ade6786f672240c498,R.2|debate
whowhen,simpleqa_verified_magentic-one_0193,simpleqa_verified_magentic-one_0193,78f897a25e65a21e709b210c937f9c094b10dc159ba3c9ab8ec2f7e1fd4253c0,R.1,magentic-one,simpleqa_verified,text,2e54be500a4d950ea29d8fdb4bdd47ade40fc34cd148eaad5386fda265eba12a,False,20260907,022c3612a7031aa53074257398d6c4f573eb204132673ce7c14850edc32663c6,R.1|magentic-one
whowhen,tablebench_smolagents_0520,tablebench_smolagents_0520,7938b70e1790a6d5dadb6a8a62d788a9826222d95f1dbdea70d98f7c373bd53c,A.2,smolagents,tablebench,text,adb4917bdb5ee750ca9265053d204cf9812356990ac2382c6479ee232117b6a3,False,20260907,1bf69e1ecf26d1af584d1fa8610a9ab178f2b54c60e27a46815b24ac1dc2d6b3,A.2|smolagents
whowhen,dabench_smolagents_0113,dabench_smolagents_0113,797427df895e812e13e27f72dc5670a67a3d0798fbd6970524ef812623c683e5,R.2,smolagents,dabench,text,09a8b04b8a2c9abd0bf4410b489e0f446170dc1e2c95dc59a454d440f7d2a164,False,20260907,2bfe7f71685e7718dbf140a7ad2bb3c882fcdfeb3c1350d5af75e2d54c075d2e,R.2|smolagents
whowhen,tablebench_smolagents_0340,tablebench_smolagents_0340,797f14cccfc461193897b3d2289a0a291e9e454e44d0dde2f894713c2b459571,A.3,smolagents,tablebench,text,21906c61abe4f05c346fbaa09ba67c30b4dfd0a0f13fa11dafb2bb05f5b0028e,False,20260907,30c52a8ca1c6c1c7a8894c32d69593dbc5bd732bcfd8a74b5bef56dbd205c7e8,A.3|smolagents
whowhen,bigcodebench_macnet_0166,bigcodebench_macnet_0166,79fd9b3ffce32ee23a7e9b3b973fa283a3acd4a99124b69cb87bd7e086a2ec40,C.3,macnet,bigcodebench,text,2be78dfb549044a71e1cde6bae3704b82119ff8116ef40dad0822dc66c0063fd,False,20260907,0c01300215205cc57c44aba8decec3db4a851851299860f3dc4ad73d0b0f93ea,C.3|macnet
whowhen,databench_smolagents_0723,databench_smolagents_0723,7a6b1d73dc0294c443f782d7d2d479ca1ba9f9a42efa0428c3a31771d9457b39,A.3,smolagents,databench,text,d53d9c1686fa56b795c46d800b19b69b9e23a3ccd0b5b14fecf093b103a658e1,False,20260907,223c3c5009370610f3a59a4a15431368b2acbe9f64ea9001746cac9221939b98,A.3|smolagents
whowhen,mmlu_pro_mathchat_0248,mmlu_pro_mathchat_0248,7a9fc83a3f86f2a8bcdf2f16d1b8322b5c6382b2ff66c274f2b1f9061d50fbe2,R.2,mathchat,mmlu_pro,text,1a279dc1eceb56a6d21729890a4e65814080636024459bfe3e449ca0c84c91a3,False,20260907,11cb89af9ac803a84fd43343ffaf6151ed0a54c4b2adf098404c85d3ba38f271,R.2|mathchat
whowhen,gaia_magentic-one_0253,gaia_magentic-one_0253,7ab28a0243f11bd0db03494227580afc5c3057f30edb466f970b724170499c56,C.1,magentic-one,gaia,text,14cad856774471ebff6a6c4e5e9bdd9fef90d256571f1c8aea7c2a08a2774856,False,20260907,1199ccf2939831d438a3552673609d3ac31c3457840cacb42417f13a17e16513,C.1|magentic-one
whowhen,scibench_debate_0159,scibench_debate_0159,7ac5c0ec697b2a1df1f3cedd09097d2b6e60b718bece93bb0b1ee33674cebcf5,C.3,debate,scibench,text,a68252be3f1ecf6608398f652ffce80be30ba1ca3c2e016d35dd767d1efbd7ac,False,20260907,0875e3377c38742628eb8b78badc71235d2ae4f66342815fae9fcacfb9833418,C.3|debate
whowhen,simpleqa_verified_magentic-one_0317,simpleqa_verified_magentic-one_0317,7ad28bf4d110385f348dd7a226255ebd81d30cefc544032686a72c2f0477ab41,R.1,magentic-one,simpleqa_verified,text,34e31fe4407a3cd1183f15f8c2e62709e1222c0823cc19740d5081192e93f8ff,False,20260907,1259c909f9f238ac8014e9b174b22d75123c995eabcc178ae8f09a343d8d28e6,R.1|magentic-one
whowhen,scibench_debate_0058,scibench_debate_0058,7adc1e495052cf5420bdfd13be0768405cea1198462625dc17f77bdd6b482b65,C.3,debate,scibench,text,609b479a2c668fdeadf1f16a3fd41bcd03a3352d482b3ffc55e607be9d491b2d,False,20260907,1a2239b173240ec67af76052cf7b6d82868e23471f0ce6f2a6b0bca219beecf4,C.3|debate
whowhen,scibench_debate_0075,scibench_debate_0075,7aeda62bdb664a7c4667c8145d4bac742e29cde7b267b73f4a9d63d6ace41a10,R.3,debate,scibench,text,432e2446fc71b7525180a354f50d7132952234845ee2ee049a92f4e458700a31,False,20260907,6caa4a8cbbb126f60c4ef560cd2a3083f015abdd161e3ac268bd22b779e4ce25,R.3|debate
whowhen,math_mathchat_0042,math_mathchat_0042,7bb9f09544e5075898484a29ddbe92f05586400adb0df59953edd5d7ec654a8d,R.4,mathchat,math,text,81cbac3c5da06858e9051f6ffccda9ae8d86f1bbb9dda4fa331c44f3aff8ad72,False,20260907,12f37fed6028575a68595fbb8675d56e676f2b682536c42d1e7c07171397e9fd,R.4|mathchat
whowhen,bigcodebench_macnet_0027,bigcodebench_macnet_0027,7c2c60a7b3026b57f3c4a5b6113a4e4e4bf3f8e09e223543dddeed8208e3e760,A.1,macnet,bigcodebench,text,e08ffbd8bc748cc988dd05bd2df881e10de304f9194fd6d2520b3df2eefc45b5,False,20260907,0d44147439e6f63ad99aafbd10ff46deee86c375c0afe93b9ae891432d1ef1da,A.1|macnet
whowhen,dsqa_smolagents_0645,dsqa_smolagents_0645,7c7c9feb4e6065eb93796caf8f7593763e76448c6b5d98acf32a0d8fb7a4f7ba,V.2,smolagents,dsqa,text,4ecac31dc1b760ad0c9bcf15aa7aa116d70dbf6ca3bb38156e49c134f059b739,False,20260907,32bf10a9f96f747e6c98d7f7818b4f86ae03249a5e81b63deab7273ef8ba0f79,V.2|smolagents
whowhen,simpleqa_verified_magentic-one_0471,simpleqa_verified_magentic-one_0471,7d1df880d2cba1a13bb912e7ba3e224a7ff97722a6d392a62b98a2705751b845,R.1,magentic-one,simpleqa_verified,text,27f88e5810e9ad25b8106dcf320a07edccff4758005593b11d5f84e9d2e4ab52,False,20260907,289a8224e44d4a022c48cbddb94778e22268db6cc1812ad001b0256865cbde9d,R.1|magentic-one
whowhen,alfworld_alfagent_0038,alfworld_alfagent_0038,7d4a36c0f63a018a6ebe0f7824db5af6994fd5d53d4fc43a93dd5a70d2b25a86,R.4,alfagent,alfworld,text,6f977c718df9645d6626eced56bba24028917ee695a17562572aadc000e1c9a0,False,20260907,4c55debfd0ec5e66f2e02c7db3ed45738d9e02c1c968590669466de28abbb128,R.4|alfagent
whowhen,databench_smolagents_0173,databench_smolagents_0173,7d5d1d837e981ee6892776cc9bc19c6997a79c1cea41657340158bf2cbad7ba0,A.3,smolagents,databench,text,10520035256f36349d4f7314468b34526b1bf2bc4f3ce52d81102bdd267db2a5,False,20260907,2a57bc8bb748874cb1e1c165d5e59639f7cebdc4d666b46cfffca7153e8b1058,A.3|smolagents
whowhen,tablebench_smolagents_0031,tablebench_smolagents_0031,7d72dd0b9697b7a26c7b9927cb717d97b385c2e3d6ddaa0bc185e0dbf31c7d43,A.3,smolagents,tablebench,text,f1256769089c4ac9492817f5a9081d8025329c492ff72b4965a5e90ec4ba045e,False,20260907,1d9078ad8e3f40465418a149932f915c8fbc5865ff8843b096f44e334bc8d600,A.3|smolagents
whowhen,databench_smolagents_0278,databench_smolagents_0278,7d9a795b5225d0947bd4d842f05bfe9966fb34bbf589b2435fcc9cbf13e73154,A.3,smolagents,databench,text,2e998c160c49f1225c0aec7731f0c67860a2beb1e613041a90fd57e231720198,False,20260907,2929fcc292a77b8a4b03c124fab4b20782bc670c0e69f86595d52693e5f005c4,A.3|smolagents
whowhen,dabench_smolagents_0196,dabench_smolagents_0196,7dc54d5b4ee9432d9c1d7c4fbe855d0f35a0ab716716d46e5218bd7235a60651,A.3,smolagents,dabench,text,32df2cb33391f5318f51cb5db9edeb5cc7f7ff1c33cec0dc9ab2eba6aeeb6f80,False,20260907,1a07d435e89fbe2088b71766fabfb83ef0bb578ae9026b7b56d9649acd8ea86a,A.3|smolagents
whowhen,simpleqa_verified_magentic-one_0064,simpleqa_verified_magentic-one_0064,7eaac61a082b4cac632cdca082486974f543edb671be2e9767dad06e3737aee3,V.2,magentic-one,simpleqa_verified,text,c4f655dce51c86837ac0837da585a798fe99226a98947efd6e71043b29d8c73a,False,20260907,2e147381db76b42b5e6d1697c0bbfa36028a04eb26c183aeb17b60a799069659,V.2|magentic-one
whowhen,databench_smolagents_0067,databench_smolagents_0067,7f8fef99e28759e278669e531ee3803b33d052a7d6a2614bc341e9ff3d95d149,A.3,smolagents,databench,text,dc879f37a3f78a1fa48d8a65543aeffdcce3452c9b345398a0d075b87188492b,False,20260907,2592bd36f310cd379da35ce4f97488f63f2b061ad5fd4228436de66526ce08e1,A.3|smolagents
whowhen,tablebench_smolagents_0251,tablebench_smolagents_0251,8032710a6d77173d1ca9ffb251e73952ad83992b8c67fcf559ba567c3dbbbbd9,A.3,smolagents,tablebench,text,d3b36a7ec7644aa482fea702eee9c344db181869a63b8295a30e92e0c6ee2311,False,20260907,2d13bae794debe85f73d1e76b826a4e309ddc2e7325854d3c084b434105c159a,A.3|smolagents
whowhen,dsqa_smolagents_0594,dsqa_smolagents_0594,806eef61dddc24cb800a941121af794b8fc76092da05e3db7350701b066c6360,R.2,smolagents,dsqa,text,31eb908c465a7f30c60f5ae7926746eba6c16bca8cefeedfb16b2a6f0e051985,False,20260907,1a8b5866f825c0d467b64a9ed9895ebb3f48549a0f3eb9c7f271c9418de21d55,R.2|smolagents
whowhen,mmlu_pro_mathchat_0111,mmlu_pro_mathchat_0111,8085e473203a1905e67ba0ea969f58a9ae19c64b5dceca082287b9a1b85c4066,R.3,mathchat,mmlu_pro,text,100be8fdf605e057db5a92afbc07f1703faebdecf060262f356e0948597bf7f3,False,20260907,1e5a965518981a5ac53fbdf9a148aaea4ba4391fc983fe1fc34a82aff5663256,R.3|mathchat
whowhen,databench_smolagents_0665,databench_smolagents_0665,8133469b2b2c345c01d884d522c917feb04876caae4b57db2e63df1438044a27,R.4,smolagents,databench,text,4b592e733aa2bec00f109e4c9fea19bbd807a358136be015ef53891bde5d3282,False,20260907,01a0165e0b124b6773403be234d26e9eb1570db4ec315e060db296efda88cf72,R.4|smolagents
whowhen,simpleqa_verified_magentic-one_0076,simpleqa_verified_magentic-one_0076,814082d2ed1564915f7c582ad55f65f9f9af7b9b3f65ed94d3d7799ec26bb7ce,R.1,magentic-one,simpleqa_verified,text,0e42d32b7caa44b5f99d1d822ee314ca2151822b11323782af96d3b58f8dd176,False,20260907,2ab0692aad9d112fc8683cd8ef60302c9ce350a078e7fa3fd741376392db01e6,R.1|magentic-one
whowhen,math_mathchat_0021,math_mathchat_0021,814e9eecd118259e58f0358e779e18d35c2046af1a137877700957a2f473074d,R.4,mathchat,math,text,030b0ec49091df83efdfe5cdb78c3e6ce42ec647886a0080283944d046ddbb4d,False,20260907,0ded082f228fdd594f2b5a07995588a57a04b0ade5d55850b7ef7cbfc9948303,R.4|mathchat
whowhen,simpleqa_verified_magentic-one_0273,simpleqa_verified_magentic-one_0273,814f61096a518e4650880cca0b9a9b0e4f13dad964766e84e3b63889135db478,R.4,magentic-one,simpleqa_verified,text,22aac2f165a28a15cc48cfcadc5849e733ca8fc25dcbbd108897633ddfa5980b,False,20260907,110b13a909b0a0d514942ddaf67262873fb6156000c075e49b676d4847aeb953,R.4|magentic-one
whowhen,math_mathchat_0134,math_mathchat_0134,816bf58f28d35270cbf9ce0d056a95968a79c28999abd7e2d646aaa7e1b37826,R.3,mathchat,math,text,1be8dfac3a382f734fc54b62ef3123fdcd27234de0e6c9261bc02f18736a9fd5,False,20260907,2545cf4ca462b5916e52fcdc91d0ef6a5d96328d39b63deaddf7f5ea1dbd97f1,R.3|mathchat
whowhen,bigcodebench_macnet_0114,bigcodebench_macnet_0114,82dcbba787d5d1324c3c10ad3fb58e03bf222e30d09977aca7ce5345a3c2d2db,C.3,macnet,bigcodebench,text,735f26b50b4aae0afc448f8dd7a0404c7250d115bb3b0da0acfe04579290bd24,False,20260907,239bb5691b5249465ac52fb1962d58e5a5ae5c1d177d4d4b19e5b4c9513a69d4,C.3|macnet
whowhen,databench_smolagents_0713,databench_smolagents_0713,8352bb215e3000dfc411601172a5331c17918d6d14dcaee4ab73770e7b3a537e,A.3,smolagents,databench,text,9602bb34cb1e2a288a47a3bb8377475a22c189fe0040101b029be6f17d3ef693,False,20260907,20f003fcda71358b9aef787d1898534def561150b0c43489a88c4e64a0083acb,A.3|smolagents
whowhen,tablebench_smolagents_0830,tablebench_smolagents_0830,844affafeff23a81e98059fe16e6df2672c9fb8b29f3b00b5218c2b0d0e8f0ee,R.2,smolagents,tablebench,text,32a467453862697c49655ff336c22012bcee2ec43f1d38b0ce9e6205b84a14ef,False,20260907,03231ca9a2d6b76100042adf7d90cc2d33289b69c899a03bff7206fa7b14865d,R.2|smolagents
whowhen,dsqa_smolagents_0367,dsqa_smolagents_0367,847cb19ce0814425cc21f66c74d62712a71b21dd96e66baf2676827a0154244d,R.2,smolagents,dsqa,text,563f3a8fff21d4ff53baae6fcfbfabbc016750f9cc1d2724787229f0e36f2c51,False,20260907,1da034a2dac99fa8e57323b648308553068046708dd6f90a11430d31408a959e,R.2|smolagents
whowhen,simpleqa_verified_magentic-one_0011,simpleqa_verified_magentic-one_0011,8495709204dd8bf1ae75199d58b11849fcf19505980ded5cffc13da2c7f35464,V.2,magentic-one,simpleqa_verified,text,672c36a82fde403ccd52b2d97001cc5c38cb2f5f9437a249437c62c344c9f773,False,20260907,16386ba387a9e29a3ba86ddb6b240042d0a32c55a2069051ddc89352f1f33f1e,V.2|magentic-one
whowhen,mmlu_pro_mathchat_0273,mmlu_pro_mathchat_0273,84f37c079f155f3b698cc434c68804f234ca8077bfb883639ff8645c36ac9c23,R.1,mathchat,mmlu_pro,text,512f5b8f1cebda157ff35e7282001d3712b66d85fc3de9659d53b338261e9520,False,20260907,3b3d1336822877b8633a312c8a9d9d9bb87bf3ff076346e69ea35daaa1ef48fc,R.1|mathchat
whowhen,math_debate_0048,math_debate_0048,852e50be5b98549e0c51cc20a9251bca18d9be54eeb861aeba3184cc1830c08d,C.3,debate,math,text,c458aec284e3590ad871bda2e48d6192cb7e3902209c8fad2a39e6e8ba307d34,False,20260907,0598ce0c7ddaf5eef7c419c6e5a527bc01c0946940de5a21504ac8043c12a135,C.3|debate
whowhen,dsqa_smolagents_0174,dsqa_smolagents_0174,856404a2495f72c0fd6a969549db88db0c80d469aa8d6df15894a1dbb16b0db9,R.4,smolagents,dsqa,text,2196396cfa09f770bd6c2c64585d28ca275801f1549ff2e45f53ca49496cfb53,False,20260907,0452113367569410b83f249310244656c55ff080142db4ee0aa9648c301fb3a9,R.4|smolagents
whowhen,dsqa_smolagents_0188,dsqa_smolagents_0188,85a04303fe435694b3329445a3bdfed3ad3a83a41d9053ad4e75270c2cef89ef,V.2,smolagents,dsqa,text,0cd26c01b6b21264102504a6980f44cec983a798315d27432aa76691a98f7f49,False,20260907,1b3d5b7ddf49e2b84fc244f49d8968be96ea6a5e2f132be4cc2a00bb063a65b0,V.2|smolagents
whowhen,dsqa_smolagents_0387,dsqa_smolagents_0387,85e7256e9ba25c116cfa7dbe57146c2ce5938e36f95496cf07e1ec3ba1510b0c,V.2,smolagents,dsqa,text,2376d32c9e39c549ab0de136ad6b83ffcc83a48607516a8466b6465c495e995b,False,20260907,12a5d6d3866a8a64f2c4aff1ba22e1ca66b9c266b6ee979f51ef27fb9ba34c44,V.2|smolagents
whowhen,databench_smolagents_0360,databench_smolagents_0360,8610974098f3658f1da2a759e55f3456db1ebf054d144a442fb859926387f803,A.2,smolagents,databench,text,34f731f10f9f1b93c553790bf8cc6a077a9fad9a8270348151457b007a86d0e3,False,20260907,267708d699169364812a536293cb4f98313de309f8182be57c5de26c36225209,A.2|smolagents
whowhen,bigcodebench_metagpt_0015,bigcodebench_metagpt_0015,8624a2441384948c7425163833d56c68fc74207d8385ef1683116fc5cceef7e7,R.4,metagpt,bigcodebench,text,d62dba3b82467d26205da57fdd72e275c33fd976b789cfc190bfcee6eae27c2e,False,20260907,20d813e287abec584769e547327191bb269ff0af762b9f89b807db7e22b1d74d,R.4|metagpt
whowhen,dsqa_smolagents_0825,dsqa_smolagents_0825,869b651f72cad21a9221cc3e04c8f3388b9e6b1b3ad8780f89d5262ce5f13b5c,R.4,smolagents,dsqa,text,210a1451dcba1781a84e762028d7813e9fb2c834717c4ad6f98461671e94492c,False,20260907,16840a4047e8237af03e3c6b9490f8dcd062deb1fd3389a36d9e11ea7d1c8c25,R.4|smolagents
whowhen,simpleqa_verified_magentic-one_0320,simpleqa_verified_magentic-one_0320,86d16a9d194f6ee01066b7aa48df0badca8ac5e2a8912898b52bc73beaec6767,V.2,magentic-one,simpleqa_verified,text,19bafe430f433b3773eb7bbd58930f95244fe6aa5f7c3c3a02ad578b79cacc2c,False,20260907,2ddb436bf9b5e24076e0bcd3934ebcba142101edf2938a990cf4bdc85149d35b,V.2|magentic-one
whowhen,dsqa_smolagents_0775,dsqa_smolagents_0775,8729a93793fd8a028d8a9ae2da762538687c293f43dd8317d81d563f7e5770b6,A.3,smolagents,dsqa,text,4c2c4404d1bbd7bd474059bebe95383ec7cedb271fcf7787e8c7a747f9d5e993,False,20260907,0b3363835915817f0be13e3523d24e7dac3faffc4028b82a97b25815dd593af5,A.3|smolagents
whowhen,dsqa_smolagents_0426,dsqa_smolagents_0426,88231ea11d7c0dfd314b80c0845a412a445a4681520f8ab8bebbc0167b29a9fc,A.3,smolagents,dsqa,text,91ec8f636ef306b81d6f18c5e6e3b915d588ac4c6875e27e3a420520beda42f7,False,20260907,0c21c843459c5a873fa5fe17844959b70d496d69c754249ad89bf1a50e395170,A.3|smolagents
whowhen,databench_smolagents_0647,databench_smolagents_0647,88cb1c113e4263163dd4b42a33f4b8a1e75c518584dd3fa148ba6df7a65aa2df,A.3,smolagents,databench,text,33cbbee080b0681c2b9b67fd71301278f938c1e3cc80a2d1349b1ae2e87c9a19,False,20260907,096d4d11a914df9ced9558767ec25e5ae100c9abe25211aa6af50662f41465aa,A.3|smolagents
whowhen,dacode_smolagents_0033,dacode_smolagents_0033,8a3e5f50a6816bb7f225829097930ad78ce4bb0695031a3cacd03550db408d30,R.4,smolagents,dacode,text,4e00d1a1dada707ffec6eb19007c8ddb529d72bf6b91b8d7b269c677e874ba66,False,20260907,00281a7645c0aa5b6a150b53448304b43ed458516b29feb8ee6d964ec7ebd9d2,R.4|smolagents
whowhen,tablebench_smolagents_0029,tablebench_smolagents_0029,8a8eaecdfbe7f957edeca9c604ef45d4a8ba16d587c3888d7a6839ced72ee182,R.4,smolagents,tablebench,text,7a8e5e9703f099486be22dad79e677d4d6da5fa06c388d6caa24da4115dab931,False,20260907,0590136aceb136dfa20b426c6041d676e38f6dba209412baf1ab494d729efbe9,R.4|smolagents
whowhen,simpleqa_verified_magentic-one_0298,simpleqa_verified_magentic-one_0298,8a9f5b0b314572a44cfd1b8827f7da5a62ad4de46e0ec7ee6078a8de20155a16,V.2,magentic-one,simpleqa_verified,text,223c8afb801313111581f0c92a3bfe2f1cef689f579e99a3699bff34f95312b3,False,20260907,1005d7f8d6e16adfaebacbfcb1346c7c7258ce5ea7a26d7a5a198efcd4d2975d,V.2|magentic-one
whowhen,dacode_smolagents_0260,dacode_smolagents_0260,8abb510a68822ae37d6259cea9d6fa5c75a5951a63f96448f415e55cda6b4a0b,R.2,smolagents,dacode,text,1514121901dcacc9358a281c58722789469e35e8528ecac5392da1d5d7d58e7d,False,20260907,258d037bfced8fee2648f493cf8b3b3c7fdb1e36c19c5ee45bc2a7fb05ef8141,R.2|smolagents
whowhen,math_mathchat_0207,math_mathchat_0207,8acede4977e39cc2d130408f644e21fb2c81e866827728208ed3a9e8c8bd3f57,R.2,mathchat,math,text,6a386f305ff5fef353d7964aec59a8e2479a35158171e4b4339d9a5318983329,False,20260907,18579946861f35bbc0f93ea607f954851fe9d5c1bbd8820d1af38362cff5f268,R.2|mathchat
whowhen,tablebench_smolagents_0624,tablebench_smolagents_0624,8b205071ef4c9699a9834342f8d1ad36feee8f79a688a8e4f7d46eb36b02ce78,A.3,smolagents,tablebench,text,6f5b9b90bf5f1ec44cd367df567fa9fd4ad0d7a74f476a687c0963bc22ef7362,False,20260907,159e83cdbd8463e3288eb176fe48b5dd0851b54d82c175783b3fa31831a49b0b,A.3|smolagents
whowhen,tablebench_smolagents_0155,tablebench_smolagents_0155,8b323c33994d7881d8482af0169d8bc0ee3fe1b2b433e7223edda89f247ee31c,R.3,smolagents,tablebench,text,51f3444ab80e2ca8b6e677ca44989e7d0f3c00a97beda4ff754391de04b874e7,False,20260907,1a25c955637710a0bad2290b2560272ef7a840ed6e4c58133fdda7e940940726,R.3|smolagents
whowhen,gaia_magentic-one_0280,gaia_magentic-one_0280,8b5d24a8fd612b1ce8624cb5d307974d4123b0d7ab7d215bf3dfdef4260131d4,R.1,magentic-one,gaia,text,140b5feadd64b52b8a6d6a75eb900a7dbc9e0535be051077fd22c98dd70511e2,False,20260907,2c7346bef286607ac04ac8ef630b616912988b7def87de96545bdb9cd751052e,R.1|magentic-one
whowhen,tablebench_smolagents_0612,tablebench_smolagents_0612,8b6b75af0d6201052ec77788c71113b8ba1e73f0fe40b277206f568718e1f37f,A.3,smolagents,tablebench,text,30ceba5153cf057adbfaefcdf938ff3c3116913af84df72150d010d9ffedded7,False,20260907,20f38222d66e2c215c7b69ed77263f73461919987cbb9659f6994e69701504f8,A.3|smolagents
whowhen,dabench_smolagents_0070,dabench_smolagents_0070,8d2b2380b5ce91ce0a161c30938b8195eb370552cb3a53e51f08bfb2850cff94,A.3,smolagents,dabench,text,7ba744808d16497f7c486b7492cc9ab33bd01df2d25bfe3b06a63174e5c82e0a,False,20260907,32330448387e24ab486baddb69e5eb241d2b7208e4292124c7d980b7e1c155e0,A.3|smolagents
whowhen,tablebench_smolagents_0728,tablebench_smolagents_0728,8e083b83d2b22b9d96b8a349c5c4351e129c85dfb3ff039f247c84a575a7e397,A.3,smolagents,tablebench,text,a447073af3bedd0a873b1be09e4b9e3200811aeac510c48440bc31ef70b6d21f,False,20260907,2fe6e74c93a7fe2084e7338aacc957a8b40e4f7bdcb8a366c01e1c0e72d6548d,A.3|smolagents
whowhen,tablebench_smolagents_0721,tablebench_smolagents_0721,8e678181b01ad13c8fc7d2a7f78116406a48ec3f54a116d6ebc1e3c9beba33ca,A.3,smolagents,tablebench,text,1bc8f8d51e4b6d625f766ccd8e37d7b052b9f6d25c6e978e0598344cf5af0e1f,False,20260907,27480a1f5c2171dff7ce7621d43cee86b845afb875d131277140798479be9611,A.3|smolagents
whowhen,simpleqa_verified_magentic-one_0321,simpleqa_verified_magentic-one_0321,8ec7b6a8554ac66f93093b191fad715398a4430f2f63b23d23b59aa339329ac6,V.2,magentic-one,simpleqa_verified,text,b343abffbd1eeff7901aab87aa6ce6de6f7efb720c4e0cec649651b16e46d921,False,20260907,1eff9ca169fe75a86f3cd9b4d833c74c54b38c43761261621a58161fad7154f7,V.2|magentic-one
whowhen,tablebench_smolagents_0509,tablebench_smolagents_0509,8f1501a49bbfff3731a62ca13b59895a78bf78143675feeef198b3b0ecf633a1,A.2,smolagents,tablebench,text,2615e1c454345824aa29273e09d9f36609c616665a9b1304ca8a3c9944baed78,False,20260907,082d6098bc15b5ec3a8dd0a1669a1032289a5b2057bbaec5ac1ea287e915e3dc,A.2|smolagents
whowhen,alfworld_alfagent_0253,alfworld_alfagent_0253,93c9aa7e97de35c2180b045aacfd5ae7de0956413b6a2add7cd34cf807dc42b0,R.1,alfagent,alfworld,text,06a6378792431a06f8adb9dc333de76215e06f6ee2a44f1fe1327a78f50f5f5d,False,20260907,168ab9c2a03a4de6e5f6b90f9289d72a5577c64cb0c6a9cdc4947bbdff2dc46e,R.1|alfagent
whowhen,databench_smolagents_0313,databench_smolagents_0313,93fee5553bca8e16c68fce9e27e9d797a9bdc43aa8974b81d6e0ff7ce8040abe,A.3,smolagents,databench,text,d47607b0cde261471dc271b885a37db65a5f12d2b9985ce5ac054ae228149ffa,False,20260907,085fadb2870950a23ede53d3fb4abf0b9c4b2d839707ca38150f3201d984aa76,A.3|smolagents
whowhen,databench_smolagents_0378,databench_smolagents_0378,946e05bdba783ba9416a306b524c732cfebc80bebcd934789a4eb3a5c055e0f3,R.3,smolagents,databench,text,3a7c23de1608e4dff0d685766763b6083db91a7064bdbd8c569f10f2b2d773c3,False,20260907,11fb101463c659f1a7ed59f7b8a0c7d3f7eaa3130691f4fba9274f7b6c971710,R.3|smolagents
whowhen,dsqa_smolagents_0019,dsqa_smolagents_0019,94c7333a52286f3a19e1fe063a46564f3e0ca3ab76129235f46cca647b9a791d,V.1,smolagents,dsqa,text,46ec32ab03ee182fc5624d5f1b5078d714162ee7e5f77f467ea6fd78637af768,False,20260907,315f15a33fefa3752dee24ac38124e8e6728fa202736c6983d9ed51d7b56bdb1,V.1|smolagents
whowhen,dsqa_smolagents_0810,dsqa_smolagents_0810,951071ed2382e454cf94427abc3218ad0e55b0ca7f1f5ca94987f15c2f0d2953,R.1,smolagents,dsqa,text,11b62e5db2f29df53c0e8f013a087302bc2171fcce0ac5e3f351dabd88aaa13a,False,20260907,43445f6775519747ada884c8b21778490c4f7595f3ef8d0cb12f5f6cd021958e,R.1|smolagents
whowhen,kramabench_smolagents_0010,kramabench_smolagents_0010,9677a084f5c685720a365815c27cef08e9709572047bd5c26d8fee8b133e7014,R.2,smolagents,kramabench,text,3d0b15689db38b6e399cc0d4fe51d08051644630bf0cc2876c216013aa276eb6,False,20260907,2417d3586108deed6d3a4a16f8bd9ba43cd8c8c23d7af3bba15524673d8450b0,R.2|smolagents
whowhen,tablebench_smolagents_0561,tablebench_smolagents_0561,971219c48cfbcce4edef049466d5cf0fea731a214a721e9cd5481bf4441c3237,A.3,smolagents,tablebench,text,b9e0b8a4085c8d2e419e041077906ebc0a97d9f39284352bcaea0a04b2e601d8,False,20260907,0c4c47396b63c3401f7953ddcd3fe8790219a1495be26475ebe563feec6aee2a,A.3|smolagents
whowhen,math_debate_0120,math_debate_0120,977d73e446bb514524087079480f69707522f540b293294292d58774d3adb2d2,C.3,debate,math,text,63de0cfe18f9a831be3cbb428f3f04381f6491936816d40650f88eda7e911e83,False,20260907,03f9fe71ec31d7f87f7fb2c501204c95763cf1198fc81dfc3eb1e5bf00671170,C.3|debate
whowhen,livecodebench_pro_macnet_0072,livecodebench_pro_macnet_0072,981add6947b4a4bcf3c16ce9a9fe3bf18999cfe130c761f33bc848bc254887f2,R.2,macnet,livecodebench_pro,text,e97d4d423315cd2027235228490cc5c236a190b22fa8d40a4913ea5e03411b9f,False,20260907,2846e7a150abeefeea71f4adfd7830d1e46dff3dd2b0694351edae3173d4b9f2,R.2|macnet
whowhen,math_debate_0110,math_debate_0110,985c9fc3aeb12de275f0d12f9a5fa69a2e205faa6a23911b2f5700c03f095c65,C.3,debate,math,text,73312f3b37a326485996527930a5c9a01e9ea60c11267e89303b9249740381c7,False,20260907,17f0b02c009651973f7f022d52c5a9c7eab89c4027d2e0c49ccd77a60de1f4af,C.3|debate
whowhen,alfworld_alfagent_0251,alfworld_alfagent_0251,9918fcb674b6db761dcd469707d72ad6c869d02a1bbf0347ebfa1563c178efb4,V.2,alfagent,alfworld,text,b25136f924e0fd659233157eb58ed4603b434025bca297e3b8de461dee68957e,False,20260907,0e3e9ac7276841382a049b841597e8f0de5eeeffcc88066b8c16706e9c9da800,V.2|alfagent
whowhen,tablebench_smolagents_0350,tablebench_smolagents_0350,9952102508de948627b7f204ac40197b5834f497441be2a7372dc43dab399424,A.3,smolagents,tablebench,text,49c943ac36f22e44e42598c0b35f86f41f0e1296908fb24200cac1d1d940d34f,False,20260907,1de0fe0ff6ead4283734e1d00617d4843a7b1e0be6316da7446932b99dcd9891,A.3|smolagents
whowhen,dacode_smolagents_0281,dacode_smolagents_0281,99e14db0c104ecf50b0e71c30c1dbe1b2c13fa3f6fcf97ca50b4b7bf028e1e4c,R.3,smolagents,dacode,text,8c32e2d07b91bea77cb3076a59fc2c168b8c682fd24f076db6a0b2b1cfb1ba0e,False,20260907,065a39e9a12534251da872f01b50eac9812bd13731508c6ff98d769e26d9a5f8,R.3|smolagents
whowhen,math_debate_0041,math_debate_0041,9a5034911676248163b81e6d80e3b4c0875e01dcc5a231d80e5d6ee590268f18,C.3,debate,math,text,063e69df3bf70ade98f1ad3c7d14f99156aa8d2c82f0cb232e946849987ae4f2,False,20260907,1cd6e61ce5a5efe5374e80beafbf1d7243d9c9b1e20e40ac62a05f881a27fbdd,C.3|debate
whowhen,tablebench_smolagents_0441,tablebench_smolagents_0441,9bf96b6a1644c5a196d74ad02c714ff2549ec017c1802a7fdffdd05bba4101ba,A.3,smolagents,tablebench,text,c5c47fc32061779f73f64ebb4b1565968518fe7f2d1629f01d290ed713e65fb4,False,20260907,25ccdbaae687d978b2bd81962c0d5658c47ee9dbde9ef7b4ec1ea74047039cde,A.3|smolagents
whowhen,alfworld_alfagent_0093,alfworld_alfagent_0093,9c241a62c072befccf91220add424345c51b387faa81995252861cacc178b944,R.2,alfagent,alfworld,text,a13191af14a68874e050d70419c9e3b66a989e4d4cf14b6478dfd543f0c7a66b,False,20260907,297f9ea2e9f00aa69028cf488e97d88651b3a894e14baf9ad7e84d8c9c87e5a2,R.2|alfagent
whowhen,databench_smolagents_0748,databench_smolagents_0748,9c971be3415ca0b6b9c93e06052f756924b33ab08dd4ddab185782385727bef2,A.3,smolagents,databench,text,ae365f85adfeba9b131dbab901278b5c121c787158f54d2a163f3323bda7a135,False,20260907,0f088251cd76c7f982520290d62a3bc5d48f6b7b051cf1a325e927a42e5f405b,A.3|smolagents
whowhen,simpleqa_verified_magentic-one_0312,simpleqa_verified_magentic-one_0312,9cd03cf47f745aa9c88a10dceaf8f447db3616e0346a23c579cfd61520044428,V.2,magentic-one,simpleqa_verified,text,6357b135e4926912150fc1802373d55e5e430e8b673a75e05420f5ff18d333e9,False,20260907,300516a129517512e6258dff04489da6915c3dcd0c1521ae99835cbf0c8affb5,V.2|magentic-one
whowhen,scibench_mathchat_0124,scibench_mathchat_0124,9ce4ce7c5364472057228b490e4236c23bb849081100a8517101624ee1682560,R.4,mathchat,scibench,text,3dfcc36a8fcb2f129eca47a5175ac3e657a11ea28f14053d55eab5d3f7433b98,False,20260907,1c583c5621babf88090164df68016eb4a38ea0b34daaf137c9c1bf7f060d37d0,R.4|mathchat
whowhen,databench_smolagents_0322,databench_smolagents_0322,a0979f649fce5bd91b40527075b806bff83f0cc93f0f6e3186fb07876646a3d7,A.3,smolagents,databench,text,bc394974a788c50ddea2d10f8e705af5ab35223de61ef78ff714623b45985e01,False,20260907,130de89de24aa7c301b37a774abd473663277299791e1cbcb81883197591b916,A.3|smolagents
whowhen,math_mathchat_0013,math_mathchat_0013,a13d77779f067da05be0fb6ed429b827f6cef23326e7e3c9d7836e59d82c6d30,R.2,mathchat,math,text,0e18ee009fe02e5cf2f1018a359bd011db343ff62c2ca45070d3c19a2d1aefd8,False,20260907,0755c6b2082292c9466dfeb4cdfb173601f0b8a0b6174893c0766f2d125e3bbb,R.2|mathchat
whowhen,dacode_smolagents_0023,dacode_smolagents_0023,a2015c9962a8902626de1dc0189ba50cddf606a61504ee35994c41f63502ca1e,R.3,smolagents,dacode,text,6c9ebeb6392f9444fe3c45f66e01d2005e3154c4f2cfe48efa33f522b08c8a39,False,20260907,13e9ea61b804ae6656b61bef71a852b060854733e34b7bdf84793e5c77b15bda,R.3|smolagents
whowhen,dabench_smolagents_0257,dabench_smolagents_0257,a29b9b9490c2e0e92dc60166a56c70657606f7a337ec3608496eae037f8753a8,R.3,smolagents,dabench,text,097cd9b27b4d5c27c1cccb28df378f1ff045945f08dde2750b0141f06002cf0c,False,20260907,1dc1c1d74cc01e67e18f20569aa406eec1b8e328569278b17964ee26435511e1,R.3|smolagents
whowhen,databench_smolagents_0789,databench_smolagents_0789,a33559df724c3a7dbe8cd0ef8290fd8dec00a264af8dfec12079ba880d72f119,A.3,smolagents,databench,text,12624fe145f0e39d05faebdd22f4c485b2a975e1e63b63361f1e41451e25d959,False,20260907,11755279a63ab497d55ccd0941abf5172ba361e4603f34d0e35979631ec3c7a3,A.3|smolagents
whowhen,scibench_debate_0093,scibench_debate_0093,a37bc3bd5107d4f5970e06d8205cbc4816876ea3249708445e3b4dd8f2aac9c8,R.4,debate,scibench,text,4dbf22f4c7eef679c6aa8fdd6fae59220dca6757490349e95eb38301f9728503,False,20260907,10e47693084538f6510bced8134ed1e9cca1a25a5e8a5743d3b46ac6b80ba783,R.4|debate
whowhen,dabench_smolagents_0245,dabench_smolagents_0245,a40b3e5c4179609eecc706ca6e6cd272274db49189bf81efa0041556371fef6a,A.3,smolagents,dabench,text,b8e47239f6b55da121ff8a6959193faac9e9f8ba5dbb6337f1ff328d11d98f9e,False,20260907,128ef24df5ef4b5a59a876025618a15263cd16fb0d1cb96c9a599ea37de14227,A.3|smolagents
whowhen,tablebench_smolagents_0328,tablebench_smolagents_0328,a4b4c7a1c6146f7af6ecac68e70e013c917c0a8cbed705a53dd4112f4a0a98a6,R.4,smolagents,tablebench,text,61f86b7872bb0aa5814e4c115a1835b95a687e8eff9d9a87e5ff8d294f72ac8d,False,20260907,0d9bd0060987ca082067f92e28efe54a5af192d788fcd3e141d6183f8c31495e,R.4|smolagents
whowhen,math_mathchat_0218,math_mathchat_0218,a4f5449d1fafa6c3b0da2439a6b87f2a0fddfbe41ef8585e5e80451e3d627714,R.4,mathchat,math,text,065cca0206201fb361858f99fa6edaf88848c375af5df940028dcd3436c36e80,False,20260907,0927ef4ae06809d56ad4b0135efbe4f16a91177e74bc2a2a8dac4e5a251e6589,R.4|mathchat
whowhen,scibench_mathchat_0164,scibench_mathchat_0164,a506b1fc0a4934fa05f6e40ada641941c00c0675116557123a2fd60809b0d402,R.3,mathchat,scibench,text,5c4ba86d425ae231c1a9821dbfda4a89e5a46b83b21ab55c516cfd98b1e7af69,False,20260907,04e81ee19c5c6309a38e08e6b077016c7c2941eb89eb126dde656c4ce7a6cbb9,R.3|mathchat
whowhen,tablebench_smolagents_0171,tablebench_smolagents_0171,a5e05bda0342999372a0c5d5475ff9856efcfa257d7cf3b49510729495c43a41,A.2,smolagents,tablebench,text,4efa16a0cf4b104cd82dc5a7ce792644d121e9418a5af8e4817acef8bc689c23,False,20260907,36cd43a5d760a207e723c6c0913284168389aa3fe5b37bf73dfc0d3986aa0772,A.2|smolagents
whowhen,databench_smolagents_0670,databench_smolagents_0670,a5fa375fe360a37c85331e6ebbde7e5bf0ff9008259896e17daa63565bf7f84d,R.4,smolagents,databench,text,238ae37f668a81022a56a34822f6be6b83eddaa789926c1483a49e94c8cd3f48,False,20260907,177d201beaba7bf932419e981ce540c483e6de63c5285e7b54dc8cd1bea7813a,R.4|smolagents
whowhen,math_mathchat_0162,math_mathchat_0162,a710e31ed544284ea90c1e40f8d6601d4dacd74129d3dd6d654c628659707f89,R.2,mathchat,math,text,0d7570cfd9f563b19322f93aed1f6efe0be45a82959f3f50ef808936799d5f4c,False,20260907,12f7013c251580cd74fc199c96ae17fcc4f7668b1e9331e9a0c84eb448505957,R.2|mathchat
whowhen,databench_smolagents_0767,databench_smolagents_0767,a7c80f3dca403d4720135e688270bc97fdb95a3c9122f0b3bd6b52965659fcdd,A.3,smolagents,databench,text,ed75999020c55aaab037492b0f4424179b2443cd0c537f9a2d70cc4976a7a627,False,20260907,04e26c576de83a1f3ecc4999f4bd60853bb7591096b3833cebdab5f8f50b2c74,A.3|smolagents
whowhen,databench_smolagents_0393,databench_smolagents_0393,a814eb3bb202103f466b03e4c2fe04e727fd9d21c49f2d8b06bcc3db979efd53,A.3,smolagents,databench,text,fe279089df035581b375c457b9f29e982405f70802311b6ffbdd9dd47b064002,False,20260907,30383ea87c444455cc590f63367b3977f0395ce836a4d498385cbaac66f69e1e,A.3|smolagents
whowhen,databench_smolagents_0383,databench_smolagents_0383,a8a423bdfed0a4b0c12a4128a823e0e3eac98b53e45ba517c349b7fca891ffad,A.3,smolagents,databench,text,1319f14b79c6549cf8f11962f0ef3dfdc08a31226e16a11ed60a99a3d34afc5d,False,20260907,07d829afe0290b627cba097695dfefcda7e81898e3d1646c9196ba6a0bc49ef4,A.3|smolagents
whowhen,scibench_dylan_0057,scibench_dylan_0057,a8bd4040dc9bb86eec6553fc66677fcdf1a148a43e3c4f80d90c319568dc8075,R.3,dylan,scibench,text,69d3d02d1504d8324ecf342fdd1adc2a69519c5e4aa294b9ed03441cf3e050c7,False,20260907,1de61a16b2da81959a50882e25062a0088fffd479365de00e1ba034732701061,R.3|dylan
whowhen,bigcodebench_macnet_0150,bigcodebench_macnet_0150,a8ef55c86d9d9df290bfe10b9ad7121bcf88cb1ceef5c9e497f868220020e790,R.4,macnet,bigcodebench,text,9770e6d6e7714ac28088f02f2a215bf6c63fe0fba754dce6e7c962b786529581,False,20260907,1bd3650b9c8c123768d38c463c0a719c66d5b2497246aecb94bdbdee9eecdc9e,R.4|macnet
whowhen,dacode_smolagents_0295,dacode_smolagents_0295,a901d95598c2fe016a0f1fc7fec29d87231b60ffb273bd791231f5d2850a31fc,R.4,smolagents,dacode,text,080b5eeb31323366ec376b62cea57974e3c42258c273832724ce47e4c4c5a2d7,False,20260907,19027bd6d933b60e83b889ede8e16632e034a09b8d3929edda3c7fc29d13e119,R.4|smolagents
whowhen,bigcodebench_macnet_0125,bigcodebench_macnet_0125,aa15bc11d7b7f799e99cfceedec298196fa7f45e9b64744a2af61ba909c18d73,C.3,macnet,bigcodebench,text,5167b8d3004c8289257b520f80140e868bc48df1fcbe338614a113b88b03f1b7,False,20260907,39c1fb32265c57344704c658a59018c257182fe8112d2c08775347f9b1d96169,C.3|macnet
whowhen,simpleqa_verified_magentic-one_0411,simpleqa_verified_magentic-one_0411,aae55e4d8685df6d2b014791251a9661eeb25df6c5ca8a930c41702188769bab,V.2,magentic-one,simpleqa_verified,text,442b1676c7d18e25e390b221c544b321ca9dc3ca1313f2e6e53b94dd68c20610,False,20260907,292d626c2fe052e083cb5578321a0078284db1547921424058288af5ebb92946,V.2|magentic-one
whowhen,alfworld_alfagent_0229,alfworld_alfagent_0229,abecdd274267dca03e609a5d23d2edbb0b7e98b63ff7b4a1fc7ee7b371332bf9,R.1,alfagent,alfworld,text,7e99770c74f8ada6967c27308ef308208aaf6e4c90963af44d0b6bdf22e7206a,False,20260907,23c9b59e810902c3b42db7eb0b0fcab78e1eaffcd6852c3b3afcec90fcc07e82,R.1|alfagent
whowhen,dsqa_smolagents_0125,dsqa_smolagents_0125,ad80658cf583372168e8f19b7fbd6fe677b2dfad1863b0e9595ab9368eb7cae5,A.3,smolagents,dsqa,text,1e3b4c99c222165281436b73cf9bba88f731abd9cf4e94793ed4acbab70dab15,False,20260907,27df24831ffdc722649a7c40906a7121571a3ea2abb0baa9340597e193aeca61,A.3|smolagents
whowhen,databench_smolagents_0312,databench_smolagents_0312,adefca9bf107413a71fc709d17285839fe60a1b2867d01e647e603442b5181c1,A.3,smolagents,databench,text,6f18b8617a9ac331774a02149a2851b7624d9decc4edd2f60b9be3a91234629c,False,20260907,24f853f71b62d7fd2718bf96b69674ff7cb53249b9c948337cd17ca5b01b5067,A.3|smolagents
whowhen,tablebench_smolagents_0639,tablebench_smolagents_0639,ae40feeb6e90f5dfc3d5bc368156c7d0c2a590685bc735250f1ed2e38533d6bf,A.3,smolagents,tablebench,text,6fc24513a4e1149b10b762849133f4956b008ada2f84814f48da9bb0adf4737f,False,20260907,16368e496583dbf0693f9a1d9e5e3155777f8bf045751041780331ee5aba1a47,A.3|smolagents
whowhen,simpleqa_verified_magentic-one_0005,simpleqa_verified_magentic-one_0005,af8a25407c64601d378800d88a40cecdb9cb1316c5968d693c9e7780445fbfe6,V.2,magentic-one,simpleqa_verified,text,45a587541a0d2d3a15b71a1fd9a6b50c61b97c098c9ed33a12993f8d438e1807,False,20260907,0adf731740f3285670f7458c1b13268846da48e809d34babb932b520d9136681,V.2|magentic-one
whowhen,dsqa_smolagents_0458,dsqa_smolagents_0458,afc4bf260bf60962398eaf606eb149eeecf9aa12532aadb2eb51235edee8cbd5,R.4,smolagents,dsqa,text,86ce0449601cf0677b3691f141181ec03d54367a4c05fe43cf61a4601c0ce8c1,False,20260907,271667a26ac44250b229bc212143f69402d44b6e20355c1dcfda2c052ea40667,R.4|smolagents
whowhen,dsqa_smolagents_0286,dsqa_smolagents_0286,afcd67177f9f7e219403763c007f9e3c632df26ccba790c65952803cdb940711,R.4,smolagents,dsqa,text,2f13978a7cdb20f9d92019e95d0eb1dcaa0b18c361cf51ca71e05c574d07c4a9,False,20260907,18e83b8adba3ea03a87a3550d78ceb59674da8e2343122cf41dbb656e9732009,R.4|smolagents
whowhen,gaia_magentic-one_0209,gaia_magentic-one_0209,b04a6ef2aa49aa919a3293cb3f5441d74eb68c7113b2a8b16f2f46d7aa4f6a44,R.1,magentic-one,gaia,text,39233a7f194d4047ca58c410b3690eaac7aeb67408b17fad81901dbe702e586e,False,20260907,1334352de67e3185316d1019defa1e05a33ac65ec3afadd5b77ec74dc16bcfdf,R.1|magentic-one
whowhen,mmlu_pro_mathchat_0208,mmlu_pro_mathchat_0208,b0ed10b79623057bb18df2b0ddacc4520e9e6b7c12ac76b0878c84f0ec7f16e6,R.2,mathchat,mmlu_pro,text,39a4e3dc7a8ff3236b206471c1b37892190c91b583f4c5d4692dbb3f7e23422e,False,20260907,0697d57d206a36abfac9a9057f000e80babfe16c1c7748341fe560ee7635338d,R.2|mathchat
whowhen,tablebench_smolagents_0816,tablebench_smolagents_0816,b0ef112aa0a511778656afccfd66a8fb9d71c74e7374f3e66cb036e99f0aa17c,A.3,smolagents,tablebench,text,4923d992439dd7ed1930954f23a9d636a7006d371b59bd6c4e2b683bef110f75,False,20260907,129bc834c2ec79b567d817892c161ef4781ecf1a870c7c7fac629f5629a808e1,A.3|smolagents
whowhen,tablebench_smolagents_0030,tablebench_smolagents_0030,b15aa9f6aa4489d4a658925e750a25fcd090acbedc7fb9b107ba8a02c149187c,A.3,smolagents,tablebench,text,7dae034f566371d894c12456bdf72ddc3b5af3da953d191162832c1e298c65d9,False,20260907,3144c4fc3a49ae9d42e2db441c318536325a90f304d937cc8ea4cdcbac87e3f8,A.3|smolagents
whowhen,scibench_debate_0130,scibench_debate_0130,b18c3b04499f8118835bac1878294e9d456812ba8065af66a4f48c02cfb8ea09,R.3,debate,scibench,text,32ca7d2e6f375e4fc43d6346d0fe36e5e8aed40f54c8a30bd6d6b048cccef4c5,False,20260907,25becae2fc70c36d8392e6c70163bc25309c72689b2ad4f52c3e74db47867913,R.3|debate
whowhen,tablebench_smolagents_0833,tablebench_smolagents_0833,b1fa07ac59f3516b622007a3e8e84adf4f0074a9e59b02b2a995e1de647bc0de,A.3,smolagents,tablebench,text,1c63e360bd066708ced90835766de4cf719a9e1f33ef9d58cc4906e7e6f84ff3,False,20260907,046c81e1f57a1709042c18da755722e35d41ef03616db3f8154c53a0ca592f22,A.3|smolagents
whowhen,simpleqa_verified_magentic-one_0034,simpleqa_verified_magentic-one_0034,b21dfc29555b069fd226044854b8bea853ff0bac8a89570417d781d497638d00,R.1,magentic-one,simpleqa_verified,text,06256b7ba6c2e6a9717a5ee185357365d94eb0073fa04d8265736773d6f27510,False,20260907,1910fad2c3e387fe03b2133b88f78b073c815cc0f804d8aa5bf00aea73e082e7,R.1|magentic-one
whowhen,databench_smolagents_0634,databench_smolagents_0634,b3474cdc61411bf8a1cbc9622cd4d4bce7cff5b2b606473e2a21c4b5bdf30ab8,A.2,smolagents,databench,text,181eb2d8dbcca4a4002f4591e6074170a525627cb3758bbef05701accb10711f,False,20260907,07f45a1f0034eea0c92ac80d376d423ecb38ba2cdbf867e92cddac6f9f66d4a8,A.2|smolagents
whowhen,math_debate_0021,math_debate_0021,b417887911f133cbc27bcf373f710eee3606eb119423b1ce8b180661c4561853,C.3,debate,math,text,e8b6a916d3979c1bc2b80abe011357cdc61b0c8b685afc9a99c726230afbf0c6,False,20260907,1c2ce46af2a2b1a30ef70e5e1c70c3ae89fb62b4b9f4d6810bef49c182fcd63a,C.3|debate
whowhen,mmlu_pro_mathchat_0094,mmlu_pro_mathchat_0094,b714276b6a36e2dc13d0c42cddaa4e1d4269d0fd3323d66122d286453a0bf249,R.3,mathchat,mmlu_pro,text,28303181f9c399a617fe8523188ac728c35b48c1ae66a8f45aae6edbd0562425,False,20260907,1d775b82703cbfcf0172e129d07de3f9dbf7c23b23dfae9a6870eb35a036a486,R.3|mathchat
whowhen,dsqa_smolagents_0440,dsqa_smolagents_0440,b741c2d70267f4708535a371e0005fcb266fa7e00f05a22d038a37dbf6874e15,A.3,smolagents,dsqa,text,2e759c0198052463b75a17589d69a794a8e682143c0f76171d87aee571b85b09,False,20260907,2ceed0b569c87194451399256127d60afdd80a4e0e8b2134f54751726dba1a26,A.3|smolagents
whowhen,databench_smolagents_0491,databench_smolagents_0491,b77ce37fc7aa7ebea3e2120a5c362d83e8a543cb08c7539bf49eabc8e564af44,A.3,smolagents,databench,text,ed7da7387bec7be43c19ce5a6aec80916d03104f00ab24c765039f6f478efc21,False,20260907,096320ce7c22ac1d4ced0797ca03664318fafcf6e586db6bab757e28af6440fc,A.3|smolagents
whowhen,livecodebench_pro_macnet_0040,livecodebench_pro_macnet_0040,b8b0dcdaff555d55d6ea204050b95da85903c99e1201e7a71f97a68fe96bbb28,R.4,macnet,livecodebench_pro,text,013186a618fee6bb8fb9b36499637b8487ad916e7774fb4a147c04a563826205,False,20260907,4b0a9cdf49cf22f48fb8679b8e53252eb996e522d545357e105cfca7f4cdcfdd,R.4|macnet
whowhen,dsqa_smolagents_0504,dsqa_smolagents_0504,b8bac6def31e121fe32437d999e9992165c7744d9f35ebe8108f9388cfd80fd5,V.2,smolagents,dsqa,text,2320a5181fe206b660650269ec6b3c6217cec969a18c40055ae2dd3387d141f3,False,20260907,2aa25d49249b40bd21d2bc730020108f762bd4eed290f3848dcba294d06104d6,V.2|smolagents
whowhen,databench_smolagents_0358,databench_smolagents_0358,b99c7b1406ebd43e64e0fc19be3180961b5e21578580cc9276c2504b40b4b5b5,A.3,smolagents,databench,text,b7ece33e354e18413e069473cc273aca065b6e4b3ebb31a3e1d02ac902a4a913,False,20260907,08ad27e08e4764aef13cac2ba83c1715f990b4e0f392a98fbc24f5685fc6f854,A.3|smolagents
whowhen,gpqa_dylan_0009,gpqa_dylan_0009,ba2b80ced4beb2c7048c72498806c042b3495bcdd0b3ad976b8b9312c00486ea,R.2,dylan,gpqa,text,c66eb7907887d9606f5f4c44249aaf4e23ddc4a07729c9ecbc552ff534770cae,False,20260907,074055fc0f387b28f5d3acd67272f2d0bb37a483072930e6108bbb38abe1083d,R.2|dylan
whowhen,scibench_debate_0153,scibench_debate_0153,bacbb1c66704c4e4075c7afd09b6a598a7d5337b10ad5fdf777bf8304cd824e6,R.1,debate,scibench,text,3df515ede64bf8784e29c97bca877f5ac09f1ebdcec44834eee6c0609a45528b,False,20260907,11eb944c080adcd5fa862a2377f497bedc65d3aa51ec878a7a3de1dffa40faca,R.1|debate
whowhen,simpleqa_verified_magentic-one_0331,simpleqa_verified_magentic-one_0331,bb4d2d3a2117ef5c7ae73e9b26457b3195e3d0a6aaa694177c08ea55cdd73c2b,R.4,magentic-one,simpleqa_verified,text,18b992ea435b24d030e2f289c377cf492332c3ea4da8a1572c1ffc435cd00a68,False,20260907,192c4c8be2105cfa113ced63935860e266d57aa4613213d2196744041196e3f5,R.4|magentic-one
whowhen,tablebench_smolagents_0660,tablebench_smolagents_0660,bba9f44400011fd126581eaf4af096de76bffef07701ff6161833fd3d5b0ee02,R.3,smolagents,tablebench,text,58db6c086d2e52665d0b1f18c53a5282c811f70db4560e4444c2c9e47cdf8051,False,20260907,15682dc5067ec2fdf2838460d98528791389b30464ef59b85cd11d8b65517b11,R.3|smolagents
whowhen,mmlu_pro_mathchat_0311,mmlu_pro_mathchat_0311,bbab72439f14070500b67ee2c06f78937f431274f1e0de04a71303897b877727,R.2,mathchat,mmlu_pro,text,160350f6e3bc3440807151d4309334817113a70caed78000fede3d0ba8c0d859,False,20260907,0088159e8e1e0a2dc1dde47243687bfa16ed693ca830bd50c9b41526117d942e,R.2|mathchat
whowhen,tablebench_smolagents_0761,tablebench_smolagents_0761,bbc247d9981b93f4b39e5473a59e55c0013f5f60e9e97c0e044dbed2718ca3e5,A.3,smolagents,tablebench,text,8bead21f27527db80450a3b660a001bec76d9b743675d0d05ffb1c601f3be252,False,20260907,2d075d5ece1137eecd567cfb253fa13a33a8cbd6bf8e94a51e535b297c7c6875,A.3|smolagents
whowhen,math_debate_0104,math_debate_0104,bcbd291674a1b4d507dd80e91fdd88cadfff1367db4086b70de0875c1f421243,C.3,debate,math,text,14e386a76cd89a21778087484b50fbeb43f983794ce9d5b9394bf35a799975bd,False,20260907,28f3f68da8503a6ee7256d14521092d5dd52d48718ab9a3901afce8687487d89,C.3|debate
whowhen,scibench_dylan_0070,scibench_dylan_0070,bcdff9ac0db82d5d4a64bc26d9f6bb884bafef280ef8c5c327d6c85027ecf140,R.2,dylan,scibench,text,347e1108a8d17990433237eeb21b90421a511e5fc596d518f0104f52411fb674,False,20260907,36aa7cb4aa492c882a2f8acb7ed455e5d86e354526232c0716ffba3b4bcb9a04,R.2|dylan
whowhen,simpleqa_verified_magentic-one_0234,simpleqa_verified_magentic-one_0234,bd75d782eb002a81d36d8adad11102d76ee9589ce00b796b981de5b13c2b32d0,V.2,magentic-one,simpleqa_verified,text,408c4d71b84e256ef1d2486dfe2a3686d9a798b61bc98d599db55ab32b892bdf,False,20260907,1d08508a41f0d91b96bcb5df01d810b1ecfce5daa58e893725d39c8398f56ee1,V.2|magentic-one
whowhen,bigcodebench_macnet_0137,bigcodebench_macnet_0137,bda5f6c8584fe2505a00abae5acf22e6031fda7148363e5c3796283f349cce75,C.3,macnet,bigcodebench,text,dd26765cc20ab8d7387c2f62b4fd6be46d32f8b749d8082d39fd21ee0362aea8,False,20260907,331cc034af31c634d8d3b3c644bd8c9cfc6f2b24002a46ba10d3478a4ad1fec3,C.3|macnet
whowhen,dsqa_smolagents_0152,dsqa_smolagents_0152,bdf657d1b6e78a640936cfb8e7fa2d021a1df978c0c0f540f9d400ac9d3d4695,R.4,smolagents,dsqa,text,b7a6e9b950ab45afc47dba79717bb9ac5dac097838a24dd2f3181b434cc65006,False,20260907,2ab78b1638b230f9caf22a1d382cffcf0e28a6f10661ffa18f37be3f71045b71,R.4|smolagents
whowhen,tablebench_smolagents_0248,tablebench_smolagents_0248,bed0a9dd1490e172e802bc1220dc70955f9f7620f6c875fcf5aeab5f40e133b2,A.2,smolagents,tablebench,text,c5a7fb49cdd01248d26ebe4a17aa3a33e4fcceed79685ae8d4332214313f5df3,False,20260907,215d96816534773ff966407126483709c809407c166a5a51f5eb0e83a333cd16,A.2|smolagents
whowhen,math_mathchat_0111,math_mathchat_0111,beed57a2ff069230f8276cf7c183c8e416c8476683ee86f3ae1fed6e018cda78,R.2,mathchat,math,text,17afb6c60ae79fb9468e4be063db9984084e0c74b832071a7ec2c01db4b745f1,False,20260907,0433f762342d52b3eb33b3509fddc46d87035201d30f2234351e192ff4b268fd,R.2|mathchat
whowhen,dacode_smolagents_0102,dacode_smolagents_0102,bf7b31b02a59e060a4a2a4c1c55caeb9c3b940276e897fcfcf905ade38a5f242,R.3,smolagents,dacode,text,1bdf58ac0cb98fbb7ff82991f958ce04d8514f8d903c9cc7ab5f4de281e2a977,False,20260907,1c4038689b18840e5811c1873b66ee31a635ae3c34a25390e027399cf74ff194,R.3|smolagents
whowhen,bigcodebench_macnet_0091,bigcodebench_macnet_0091,bf9fc1d7de8abb0920e0806508db6d3272b09cae97c0131b7b95ada9746bce2e,C.3,macnet,bigcodebench,text,b3b174a9ee2de22523aa68b7b9cb4c66b7c11e3003d736aa66e24105393432ae,False,20260907,28a6e4d8bd48ca666eaf0433417f4cd8698b2701fd8dd780fd0baf83bda5a18b,C.3|macnet
whowhen,databench_smolagents_0091,databench_smolagents_0091,bff08a865e39bd8526895f646622b17533732fd3e8b88570cdbd85865e8ba3e9,A.3,smolagents,databench,text,6277b54ace777de7ce2e186de919bda5b244887939a177d0c44200da1439daf6,False,20260907,00527c0bca072f6eeeda279b74e8fc480d1c4070b2aa53ad254379532f372f44,A.3|smolagents
whowhen,dabench_smolagents_0076,dabench_smolagents_0076,c0bab1827f19c2225e2463fcbb590ce2717dfe3650e970c99d6fb385cfd6eac3,A.3,smolagents,dabench,text,52c889971bede4083e3cf968bebb5f9a2fb5a9282648f4e15a76185d3592c4b7,False,20260907,2d51c9192d2e3a3cacd0b484121c3a30c320d8d679d3048e55f503f11d34ab49,A.3|smolagents
whowhen,scibench_mathchat_0116,scibench_mathchat_0116,c0fecf525481f7db911529ebcbbd59ba4b0772928432edf733bbc52d52820c5e,R.2,mathchat,scibench,text,0b0c38a6818af277b82e628faf194a8fce70077ffd329b51253c3ac2dc4f9af6,False,20260907,0a04d19ba7022e1b7a8e8ca710a4fa583225ef608aacb5608fb3462f66307ceb,R.2|mathchat
whowhen,simpleqa_verified_magentic-one_0468,simpleqa_verified_magentic-one_0468,c1b939508b8a8a816593390f26ce7f56b9a7245a65bf27d380877482a0a826a2,R.2,magentic-one,simpleqa_verified,text,78edd07f759681d442db4dc76cd55c26c3ea6c22f33d132ca65cc2e25c472416,False,20260907,31d8ff470de70740cfff73927831622df75e95e4ef67e151272909cbfd12d902,R.2|magentic-one
whowhen,tablebench_smolagents_0439,tablebench_smolagents_0439,c1c486185567f3fc1e6ebe504cfc462c10db55490d42280780907067f6ab8049,R.3,smolagents,tablebench,text,0939a6a24f3de04f46a4c862dab71dd53d182015e55fdc6ff8a7fff8c36e6066,False,20260907,1d562fa6ea73025cc5f3c5bf21ac3bb8e6787257075ef3eae0f0669d015d4453,R.3|smolagents
whowhen,simpleqa_verified_magentic-one_0010,simpleqa_verified_magentic-one_0010,c210c2a7afb4563b717a84028d7a0929ad104fda38b99249497cc64547f94940,R.1,magentic-one,simpleqa_verified,text,371501877a16f4f44f4dbe95efa57cfb75839faeb74a3fbb5d52cca752dba10e,False,20260907,1f5f703d11541f04f72ed0f6291486ec12d0d87f63f636c6b932efc64384f84e,R.1|magentic-one
whowhen,scibench_debate_0108,scibench_debate_0108,c232caf7b98a4061fe7ea07f0cbfe32f4348dce383c1698731a0446a38e9c091,C.3,debate,scibench,text,80210ba3233d3cf6d70f11aab08c92ab2179b7428c10be4ff253a49276bd6a35,False,20260907,0f6b6d8934c173781e61d4c0c2551b4c8b991153a266d69792cd09cb8c91782a,C.3|debate
whowhen,tablebench_smolagents_0832,tablebench_smolagents_0832,c280e29dea3a34224763e173667e1cfb8a73ac026e659da93904b85c41181318,A.3,smolagents,tablebench,text,3416fa65abe3d65ace79139d073ad013952229820e664b747dc754c64c41c0f8,False,20260907,29ca093e79d4a2bb8ecbfce1704760145e0a509c351064dd50355ce706659e67,A.3|smolagents
whowhen,math_mathchat_0281,math_mathchat_0281,c34124ed443c984412ae090440e1be5d9052a1e8b78f7ec7d2408747f08c58f0,R.3,mathchat,math,text,278e77907717403e8971d3aa77ab008dd141adeca2297cc857b371f90995607e,False,20260907,2834a78f4cdfa174d8f9af8bc2c069e9dc33a2ad9952913400268d7dd4a18f37,R.3|mathchat
whowhen,alfworld_alfagent_0117,alfworld_alfagent_0117,c358ba81f993f333ec917b034cdbd686e6f67bb4a0374c22e66776ebf9675856,V.2,alfagent,alfworld,text,07699f4c99148db495d5039461d749335d397369f6134be94ec8957c8626bcab,False,20260907,15259cb8f9c1dca4ab18997b9140509735a67c5d5de7ca8f60ee17654e942893,V.2|alfagent
whowhen,dsqa_smolagents_0581,dsqa_smolagents_0581,c40e7d4cf8a248432ba3a0001f5a22a7890f720aa3cd974fcc0ac3d10b8273c8,V.2,smolagents,dsqa,text,273c0ea52955d7f0592d28df86ae77fb152f4f8b35abda390180ac66b65d6f36,False,20260907,2b40470eeed76d821e65dc41acba1d67180016f2353a00d7fdfc69b6a72437e1,V.2|smolagents
whowhen,tablebench_smolagents_0374,tablebench_smolagents_0374,c4239dc15b46f5d50fb6e6801e4310779db8751a063dc6d79cf5467cb007caeb,A.3,smolagents,tablebench,text,b3823a409b7e083f90287c3097e5d924fdb848e3fbd3f106301cb160de164ca8,False,20260907,13597b7f5ea86eca50e11a6e4b31a84b5fe19c8d1bec98304eb30903eef0ee77,A.3|smolagents
whowhen,simpleqa_verified_magentic-one_0168,simpleqa_verified_magentic-one_0168,c42c7f56208409dea8616dac165219e54fea41f6536b04f8422ddcec3fad7e48,R.1,magentic-one,simpleqa_verified,text,0aa49c363b89d08fe7e8f076c00b69fcc5320ff8cac3fa0c613fcca2bcd973c3,False,20260907,314f41baa1a707bfd1e9e4348476d8461b64c26d38fdbd66f34261edc5243a6d,R.1|magentic-one
whowhen,mmlu_pro_mathchat_0265,mmlu_pro_mathchat_0265,c4c9674fe61a22f784dbffa887c4fe3e56ebe25892b6a27709d379218220a398,R.2,mathchat,mmlu_pro,text,0338ae2c4245a471d1de7f72e780dcfee1fc0315da3ae64d7b7ebf95faf03d83,False,20260907,1db824763ccc900d39047119847369337402a22d5264dacedb7b5660fcfe1344,R.2|mathchat
whowhen,tablebench_smolagents_0863,tablebench_smolagents_0863,c5138944028d4fcdbbd755f0449b9001411b347257409543106836b182791089,A.3,smolagents,tablebench,text,689e5125e8cb3a434530dc553c72b55f1f286d5b036fdbdbcd3a8a2c5e7ec555,False,20260907,25ca9a813b8048a62d8e87628798df7eb4fb6c3418a56148607ec455fd6dee2a,A.3|smolagents
whowhen,mmlu_pro_debate_0019,mmlu_pro_debate_0019,c5a5e23e455da59b3d980a0d8355acff814f9d07c9b2db26d103b4bfca033f6f,C.3,debate,mmlu_pro,text,aa74321235ad699ca1b415fed13b1a9908851ba87d99223163f6d5272f246c9d,False,20260907,176a56f4d102a70b7ab673582018aafda6db7488c7767536b4f8aa9d636b50b7,C.3|debate
whowhen,alfworld_alfagent_0254,alfworld_alfagent_0254,c6168f7ae05bf1c6b2b87a954f4ff790edc71716c317edac17d2ecb6850fb15f,V.1,alfagent,alfworld,text,0e13997c002a3f1167fa4a192a6d7abe3aa980fcbe6858a7101eca17b7df38af,False,20260907,13fc5922d3634c7e24265afa257948c1bbe728a2c88bf471c46a98dfa0cece3f,V.1|alfagent
whowhen,tablebench_smolagents_0203,tablebench_smolagents_0203,c61de69ec0820ac3deda893710f9a1d6a2364165d0f52d8505a582b111ab04a4,R.4,smolagents,tablebench,text,02c829f14bcc05cbcb32adaeecab2b30e98b6d1ed8f360fe7f803c5ac0953230,False,20260907,1560e33467dfc47e4c7670ca312851820a5b20afa430aa5dc6c02251efbc2ec7,R.4|smolagents
whowhen,math_mathchat_0156,math_mathchat_0156,c670b08fb03846e59d2b78a1d9a6fcf4126fa612e38c56a1c4ffc9041391b84b,R.3,mathchat,math,text,3ad310c1f6dd83d00ff72eded256a81717cdf6d3dd1f72789372a98ab4af3b2b,False,20260907,12548b3dabf69144ad9928200373e3811f396c7e8dba36e61adc9893945bc52e,R.3|mathchat
whowhen,mmlu_pro_mathchat_0078,mmlu_pro_mathchat_0078,c70273aee2c68192a1debd4ebb326e0b3bd13d6903887ff5e69f13e8e18570f4,R.2,mathchat,mmlu_pro,text,4570f62582abfb53f1b3fc1814f794539cf3b1a93d5af334069f92b0f24220d4,False,20260907,09922dedc9066cfef92a9ce968d07d7a7508f60f122be4b210e6ccb63af052cf,R.2|mathchat
whowhen,scibench_mathchat_0191,scibench_mathchat_0191,c7683d6c5bd738825a7e0cf909b0a00c8d8252bdfb631c963d49dee12d9c87de,R.4,mathchat,scibench,text,69a76300ea65046e52b3f7e36a5a2d2f396cc586d4054ebcceee5f3b9d70ede9,False,20260907,09304b6b3d32ba16cb595c08d7e59986dc2f4daac6e96b25dcb5d76b1e7aa32a,R.4|mathchat
whowhen,livecodebench_pro_macnet_0053,livecodebench_pro_macnet_0053,c92f8f2f0a8e369f39f501f144cd64d84e3c1f6574003e411c35db151a9aa669,R.2,macnet,livecodebench_pro,text,0a0700e9136a4e9c05ee282ddc29245d29f3f8cef7013c4eb9ad2e3aef7a4d02,False,20260907,10bab46000bb4a2963745857a044bd86a32f2879a6fd2a9ef6353da1105dc32d,R.2|macnet
whowhen,bigcodebench_macnet_0017,bigcodebench_macnet_0017,cb3cb92f555800bdc7064f46b625650708d46893c04c60bd60a69d4604783bed,C.3,macnet,bigcodebench,text,3e94f9ca7bf9e0e1ce672d8e62e800e8d2dbe9ef8cb0f8edb39e5b9ede5df742,False,20260907,1ad51defda6e4bc4d8cd787cd35cf1bf0fa626826d41dbd52608d9f22ad89ca7,C.3|macnet
whowhen,tablebench_smolagents_0066,tablebench_smolagents_0066,cc2dc601f61bc5fdfdc0f81c4de2bc799da930f989118209c8d4d30d1402ba04,R.2,smolagents,tablebench,text,55b59716fe9fac4bf1b766ecfd66faf08bbb8f062a9fd48755e1442b5e0d8e9b,False,20260907,0c9d61a789a4a118d062c5eae23c85cefb25386fd6727875256fed5db6c2cb91,R.2|smolagents
whowhen,alfworld_alfagent_0120,alfworld_alfagent_0120,cc5febb9814be8c68b66a47d4193a278aa1ded6292c6e129834779daa72e6053,A.4,alfagent,alfworld,text,1b32056a772b8aea22a55ae72c2be2a04df6c0de88fd635929063f0bfd15ebbe,False,20260907,0843f5b0454702474ef0e742fa0fc04391528b574a64d2be6a0922c0a517b6da,A.4|alfagent
whowhen,math_mathchat_0079,math_mathchat_0079,cc7a3af83c12120c7519de7b6c9ed4dae35edc6cc7a9f7e78870304cc064207c,R.4,mathchat,math,text,0e0a5bd390c637cf42d1bc9c482e3317721528ec814909660b2dc518a26eb213,False,20260907,1814aa8e75424286c60ff369d3d74d7d41c1916c04b0bae7209b98c53fedb624,R.4|mathchat
whowhen,tablebench_smolagents_0323,tablebench_smolagents_0323,ccc9b8533bd420754a39034fc3f7cd3e8384e067d6994c3825616cbb24151b98,A.3,smolagents,tablebench,text,5551b4140ccc2fcc5ce7b3012adfb371dbeaf105d07f09fea704998e1d592233,False,20260907,2b039e39a6c05cffae80b84c1961235166d0bf5353290d45e7c65c64de6af506,A.3|smolagents
whowhen,scibench_debate_0089,scibench_debate_0089,cde60ab4eb8b9c91666ab21dd7a3b72ebcff4f9b7b3f723e0c5219de2df80605,C.3,debate,scibench,text,d03c13be3b039daac5f7fd1086093c60a0e80f50acf9bf622ee03b7c01de69ee,False,20260907,2005f488512413adaec4846534ff5e5e07c9078c27103c53c5b9d4e91b626404,C.3|debate
whowhen,simpleqa_verified_magentic-one_0102,simpleqa_verified_magentic-one_0102,ceaf5ba8fcdc89e198dbda71915a2bb30b9243078fe2bb74b6d45a2c2321a408,V.2,magentic-one,simpleqa_verified,text,3259ba688e69721699cc8ec0331a098fcb6f1b1a83893992b0f58b65bc53f0c8,False,20260907,2584df5c6c355aaf660ff4bec3140312689fea9ae4186bfc88f7d4b4359163a2,V.2|magentic-one
whowhen,gpqa_debate_0018,gpqa_debate_0018,ceaf71538c6661484262a08da8c6954f3f615456493a614aabee21b248c14772,C.3,debate,gpqa,text,7738be4b3773527176717b1562ca0477383d97249af0162b5d17eb1917f7719d,False,20260907,0d93fc77a5f3fe8c4aa5c33d67291887e799393d941bf6abb72b92d3076ae473,C.3|debate
whowhen,simpleqa_verified_magentic-one_0075,simpleqa_verified_magentic-one_0075,cf24224a2293484b2ef5d35cf399236a8c585ef53fa20e47e2eaf1b6abb78824,V.2,magentic-one,simpleqa_verified,text,256df2e18e2154c821b25c5320d5a38bc8b20bb41bbec891edb59760e741c49f,False,20260907,28845b0990bd3417a734cbd9676a17d7e52894994f6b5cadc088784f4db4bca1,V.2|magentic-one
whowhen,tablebench_smolagents_0649,tablebench_smolagents_0649,cf31b9389ffe400fcf1307450ac2f2d14f91694dc1f181e7b79292def7d72acc,A.3,smolagents,tablebench,text,936e31f0657281cbc3be2e47683ce6558ce5dd5d892368163b9ba71829557f66,False,20260907,3264a285b33d14e11510a7a403b222f6c7181a14d0a38a05d3adb54d70acfe97,A.3|smolagents
whowhen,tablebench_smolagents_0529,tablebench_smolagents_0529,cf85398080f5432c8d68f0a0008823a40220294045002c1f17020f17b1e48773,R.3,smolagents,tablebench,text,66a0e2c2de9cb84292d3c3afbbdc1bfacd758937c435648e8573c9fccb1f32a9,False,20260907,23652641dcfebb11c91cd34d85416407e2c6a905fa956e971b621b642b9983cf,R.3|smolagents
whowhen,math_mathchat_0290,math_mathchat_0290,cfd84a8d73c74057784c65772177833af1824f95931dc5675e80eecc8ac51911,R.4,mathchat,math,text,3274511e7a2d475469d708766d01ec5398f303544d208f44eda8ca503687c15d,False,20260907,119313cb9221aa770e8f70bd5dabca624b8b2fa9be9f26d6b223963c29769455,R.4|mathchat
whowhen,dsqa_smolagents_0184,dsqa_smolagents_0184,d0d6d077e3dec015d73766b362045927e5d37406dd82cf245e120deee63c876c,V.2,smolagents,dsqa,text,9120d9b664b58aa7375a097385a0e331caf1d2fcc2b934a44699baade20d73ce,False,20260907,366d44b1c1d18d5353388faeec4c32a5d59675ef21e80545c29d757dcaf40e6d,V.2|smolagents
whowhen,dabench_smolagents_0302,dabench_smolagents_0302,d128d2963d878489486c96d176b55ca7ab191ebe4c43aa174118b96157e5d281,A.3,smolagents,dabench,text,252b1396a9666e6f232ff227c314d5278264f741e18ba1f20af2a97c8a46d23d,False,20260907,10212759cc026b7daefe0a3d7d68b6800e77c2e11a16142cf1fda35e97431323,A.3|smolagents
whowhen,databench_smolagents_0500,databench_smolagents_0500,d134ac972d427b112e6e97ca5848044302215d8f252eff812e8466392cf3b178,A.3,smolagents,databench,text,6d3806b59e9dc712a2fa9ef83b1b5453964b9f475d82779dcb509c50d5eff763,False,20260907,17b95f8c421c0f48e8e6812ff0692d3e7ab2578a513d2df769cd325d467ecbc3,A.3|smolagents
whowhen,mmlu_pro_mathchat_0102,mmlu_pro_mathchat_0102,d2c9367deb131f3c84ba1b09189ae4e8999ab5a4411dbf7610cdc90a951d5f8f,R.4,mathchat,mmlu_pro,text,26a52fd3418b9483861ba65c8abf2e980192010499a1bc7e6c2c3efe271741a4,False,20260907,1ed4cf3baa3f69759498e41a8cd5e1b8d213f98e98afe1b36d169d0f04030e71,R.4|mathchat
whowhen,tablebench_smolagents_0661,tablebench_smolagents_0661,d2e5ac51a387699784ca2847198d464bb26c1cdbcc36494d2a41ad1287e8882e,A.3,smolagents,tablebench,text,de1db832cb83ebcc6d07a42b6a64c6ee08f192e47a09f86e3b6b4b273aa34ca7,False,20260907,291200467bf3504f231e2e6cf391acbd63156d39008341d4ac91723ca0bf8bf2,A.3|smolagents
whowhen,simpleqa_verified_magentic-one_0268,simpleqa_verified_magentic-one_0268,d34cd24e5aa76f5a6c5a6c92f87f7002c5f460dbd3d1f219325c5e2cc3073943,R.1,magentic-one,simpleqa_verified,text,80f7579ed801672b846a2d0429c7ba81f7c486699591c9bb09731b10b4ebd241,False,20260907,28019919ee66432195c5e3a418a366e59f3bd1f8e61c01526894451dc146262d,R.1|magentic-one
whowhen,tablebench_smolagents_0738,tablebench_smolagents_0738,d3f052707c32f69d3db37dabd80f9342e3a48364b84f33c2b6e9cc642f6ffeec,A.3,smolagents,tablebench,text,a0f66e979ef57700475779eb426234d65be9db3afb07b6a80780edf2069e4915,False,20260907,058ff5a5a7989b7a291a22bcd15f6da63604d8dae646a586d17c4d263b51b3ff,A.3|smolagents
whowhen,bigcodebench_macnet_0001,bigcodebench_macnet_0001,d4820a7bf815079f765801f0680d987e3e89367055e7e97423a661fd11015699,R.4,macnet,bigcodebench,text,96f2027a58f8eef2226c3e03deea39e48f56ea4d6da9d2b70af8f4ba6a9ef8df,False,20260907,4c756535d7e096b7736d7f646deea381037deb0f23e817c3c337dd5d21cfa078,R.4|macnet
whowhen,mmlu_pro_mathchat_0014,mmlu_pro_mathchat_0014,d4b718257cbb6011460aba829712df98854f6473f644c4321a360e1c6c14ae33,R.2,mathchat,mmlu_pro,text,831e4c49f93df710621d159a2863fcd9448e9151460de64d804fd2986e7af7a7,False,20260907,0c4ef332c7201a333d64d07a1d35987f4a01c4451cfca22dc6babe5625419b73,R.2|mathchat
whowhen,bigcodebench_macnet_0061,bigcodebench_macnet_0061,d4e5ce34e413be37cf9795869f81b98b856bc11d289c4a244ec5acf9945a7930,C.3,macnet,bigcodebench,text,578eecc884400ac32603e949274fbb362c88feb2e4805acdb704024b6780fa7e,False,20260907,2a38deb2286ff53ac6443a3e244025d714d2ad782752df08ef6f9bc878282b07,C.3|macnet
whowhen,tablebench_smolagents_0789,tablebench_smolagents_0789,d5686372266fc8dfceb7333e4535aef4c65a1774a25953092026c65e54d80e81,A.3,smolagents,tablebench,text,4166ceb652cdd7d81b4cb96447917ac9ec787ce0a2a4d5e30007b23aff20e811,False,20260907,162d1b1534d09f325eaa125cbc6632b459a9cfa9819837b2a85915961967ca37,A.3|smolagents
whowhen,tablebench_smolagents_0777,tablebench_smolagents_0777,d58b665ad6e8b5998ef06dc4610a8203dbc6ccf8f4f70bf0e8555aca5b99c4b4,R.3,smolagents,tablebench,text,641fb1766180c1423f5ea35bc983f5386e2ba46b9a2f681eddf4ae8ff340e057,False,20260907,0b13791e19d66efa19eb3b8341f6bad7856e146966a7646ce016a5909967487d,R.3|smolagents
whowhen,gpqa_debate_0024,gpqa_debate_0024,d680ec92d9a8f0a6c44de0487babc4d8600f07b6603ceebf7ea363f25e4371b3,R.1,debate,gpqa,text,a599a3613e1df44ddc20d02e66aeb46e8ec13f51ae6b8c879bf1fdc9cea86daa,False,20260907,2bb92f5543985261feff5d5e43cd4008b2fb4f33e41690479fafdb0db903b3d9,R.1|debate
whowhen,tablebench_smolagents_0698,tablebench_smolagents_0698,d6cedb2903827a836492b6e89bf4a5c3bc82ea53ce8f7b6f005269d8b6ab9233,A.3,smolagents,tablebench,text,b2a557a9c2df2de2d50f0824a7538003befbc7bc4208f7ebb5635d72ad9ac3ca,False,20260907,2c71019e56518d146aa80f452e16263d6c78b1bf56955e64ef45f8bad26522be,A.3|smolagents
whowhen,tablebench_smolagents_0908,tablebench_smolagents_0908,d720868a6009d70bde71ef52cad883fbed3b1bc68b756b26caaf789e7eabf62c,A.2,smolagents,tablebench,text,6bfcc0d7542ec30808a0d688ba7f80e9664148adf0ff37e340ad29704db291de,False,20260907,060b6fc3641d0a31f3029a6a04410513ba2ee350a29a7a659aaa242e89d66e99,A.2|smolagents
whowhen,math_mathchat_0031,math_mathchat_0031,d7c5635f20f9afa054bc7c89403f465635981ccf0a9a39a1bc5b2fa4633e2f5d,R.2,mathchat,math,text,4419b88b5b859e5df2890a0424e5c38fc508729dd3cdbd3f93abe0353dc852da,False,20260907,0388a32101c1db23c85a171ee27d802fd5f3396e01ce5544658433c830b94d62,R.2|mathchat
whowhen,livecodebench_pro_macnet_0008,livecodebench_pro_macnet_0008,d7ea35beba1e2a33d4565674c1d23c0a778e9c96012423bc83d7be94d2d53ee3,R.4,macnet,livecodebench_pro,text,3d9f84ada2fc54e5bdf10ab7f56429dfc98a7a84e2b58f95c2123bf871404bb3,False,20260907,41f4dbef86192f11683290ea8fe68fe9c494008ea613445a84a547b29e534c3f,R.4|macnet
whowhen,dabench_smolagents_0149,dabench_smolagents_0149,d816dc127a8afd0dbdd0f4a29f3c81634994e086edef74a6d8b4f54bcfabb12b,A.3,smolagents,dabench,text,04e98292bf339471938e4bc66b69ed18bdccd6bf805fb2f1f6a50bcb1f4705df,False,20260907,0925ebdd04913500366fe81c6ef7c589162166e3c2b45b2b71b0428cc401fd43,A.3|smolagents
whowhen,scibench_debate_0054,scibench_debate_0054,d90db43762c5187f588dc163c9b2bdecabdf2dce1dac639bd80d26046a951891,C.3,debate,scibench,text,37943713383434772586015b5e4618c9c4d3d2a70fbac4a47a58d71e393d451e,False,20260907,287e6cee1527d0f24c5202dff5f18bb75765d9f9fa3ec918130defc20b9d74fd,C.3|debate
whowhen,dabench_smolagents_0138,dabench_smolagents_0138,d9344e2b28959cafef6ad2f6f16fa60d0ec157c6639d82c4e50435e12c0b4c66,A.3,smolagents,dabench,text,584345cf232fdecc68615c6e32733b0afb067dba140a52ac57965f41ded0d8b2,False,20260907,2972bacf3f7a26e3b6873f8d914d3f8a09bb883d5cae77fded2185923660eeaa,A.3|smolagents
whowhen,dsqa_smolagents_0576,dsqa_smolagents_0576,d950de10dcf1908b3af5e6ea2d804ba1331821715adb92592adf4c94159b0267,R.2,smolagents,dsqa,text,03e1ee9e26589226ef666f26ecba2895c2098708f858add051a5738f1b2c4a7d,False,20260907,1bd2861f2278b725d985add390244458e660d5602d56f72e177e95e1fb3ea3a3,R.2|smolagents
whowhen,tablebench_smolagents_0498,tablebench_smolagents_0498,dcac7e3880afbfd52f78b1e15b7bc7c3051d62b4c3de1109e15f07bce5f03b6f,A.3,smolagents,tablebench,text,7b28a2e4377fcc923f9f5900edadaadeb4416d1875b56ba9a6f5afdcc7c5ef8f,False,20260907,149f5189b94c6af210fba8b849f5ee733c0561a238da34b7cd27b51126cf40e8,A.3|smolagents
whowhen,mmlu_pro_debate_0056,mmlu_pro_debate_0056,dd8577f81e3bd19541531717d0d97b207b031ef4f8396ac1bc8027603f407b95,R.1,debate,mmlu_pro,text,828dd9c0fdbe6e5d67525628b0512187e61be2c2fd804df10ee0e4230c1951cd,False,20260907,0e57b0bbf96b75c948f0b157392bd8ab37726a46c47428a5433321325c52a740,R.1|debate
whowhen,dabench_smolagents_0093,dabench_smolagents_0093,de6fa7bef77e90f5c2c90714fe384b92c78b4286272d542e8ea842952c3ee292,R.4,smolagents,dabench,text,57399077eb81ff4eb5507837c9100eb1843674a563cd9500d55f36a64e525878,False,20260907,2bd5429ada0b19fda932b8f2b527f0c38c5fb1a57d0a77db16d0a71cb3540204,R.4|smolagents
whowhen,mmlu_pro_mathchat_0074,mmlu_pro_mathchat_0074,df194553c1eff87e863f15ddf7a896825671cb67e51a08a3a6a606f85d823ca1,R.3,mathchat,mmlu_pro,text,35e3f96e18208310f4eab591be40db1c330b40462e728e976ec0d04fff4c8843,False,20260907,1a0dfa87255e79299cd08fdccbbba4d7c1ef88f49ca4162e43ccf340f4606782,R.3|mathchat
whowhen,math_debate_0127,math_debate_0127,e0001415b0a3760c6e33e18bbccc65b16086e4f1aa9f9e00901be017f8acdf1d,R.3,debate,math,text,d72ffed77d442ad151a8093568a4c248b87fbfa955829afa801dc01b41ac6e29,False,20260907,3c53a2ef338dadee0d84405a107eeccc6f22b0a62a0d38262ba3f4a6b8cbcd24,R.3|debate
whowhen,dabench_smolagents_0020,dabench_smolagents_0020,e05c8f81a7e3bcd401f5d578a1fcbcb99ea2bfe880b5a565d1398ed3de0c040c,R.4,smolagents,dabench,text,1f800411ab543266058b3f30e2d1640c377687671b377ed9f7204edfd581bf3a,False,20260907,27be71066c794a9a3c20d0521c68861c208702c693255e14918c8c526fc229a8,R.4|smolagents
whowhen,math_debate_0125,math_debate_0125,e08478457db06df828a6f0f58818b16ae85e8f2c2a25ac3ad961f483f100a857,R.4,debate,math,text,4951cc4efcfba17f6030b110b8273783770cebe5f190b10b1469b948d1909550,False,20260907,1dd175c04834435c225b205c76881d464f7b3bf25db473200b7a7321dbcf7277,R.4|debate
whowhen,tablebench_smolagents_0310,tablebench_smolagents_0310,e23da1e04325c2067290d224bf9557fdd4d6de6e69d9ab8466eb45a5d5094112,A.3,smolagents,tablebench,text,98124049c1ebc1e1e7782d78cc43e49c901158d52e228fea6b6cbf95b1c46e17,False,20260907,15bf91a4928edd4a487c9830e18f8e9f114d4bffa12b350242473cb798ad5ed6,A.3|smolagents
whowhen,databench_smolagents_0740,databench_smolagents_0740,e2afb83f9c17f59f250655e2753df312b898f3d89d5bf3b7d72961beef44db94,A.3,smolagents,databench,text,bef8b9c0cd9103f9be420a517a6a0f82e5ca7493ed9723db6a79c2a77e160f70,False,20260907,27b945a0b20156d5a52f4c43ade2d02fd22ab94c0e1e7fdfe7a86ce45cc63485,A.3|smolagents
whowhen,scibench_dylan_0069,scibench_dylan_0069,e2fb393a690bf6cb1479b6d6ba3474e746acf0a8888e372dbb233d219bb7abdc,R.1,dylan,scibench,text,3504ec94fe819c7f9ced4421aef1ca19cfcb2b193a268ebab6495506fc801f4e,False,20260907,1b8bf6c235d8cb7ef58a245a364b5e4763c3003130bc9c987df1de15f447e318,R.1|dylan
whowhen,dsqa_smolagents_0036,dsqa_smolagents_0036,e3537212c1adf3929f35d4867696c9c262995322e96db89627d5d8be6695d82e,A.3,smolagents,dsqa,text,a1daafb18afe7c623c98f041a0f499a208288d21070daae39d0a45a05d7cc9a3,False,20260907,0a1fd60ba25092ab69e4c0cf526b0b11be642d5368bff7a201acd6f0a88236b5,A.3|smolagents
whowhen,tablebench_smolagents_0546,tablebench_smolagents_0546,e3777e9100fcd0c526e2ee62471cacf15deb257f7dd86c14a50c2effb6f2084c,A.3,smolagents,tablebench,text,c592bb1d77f293f74e42c2a1d466165a4301e49ac83915248ef8e009002458d5,False,20260907,1e68d152964887ed834323218b25c28c21f57c39224f4584112dd8283ddc47b2,A.3|smolagents
whowhen,tablebench_smolagents_0136,tablebench_smolagents_0136,e39c6f84e8dfa0012bec56a5d741916a8fc52b3726e439a1aad6f2eb359ade52,A.3,smolagents,tablebench,text,ffd744afa42ed4a37653f1dca84617facda58104cf8e3ca8006bd41d6119374f,False,20260907,11acaa735e5bbebf4c90a20c204292e94cd575c4a8e289bbc7f4ebf10d3001b3,A.3|smolagents
whowhen,databench_smolagents_0214,databench_smolagents_0214,e474a68825fa500b3bb07fd381643849ca2f999241eb3f77466e079638c3182e,A.3,smolagents,databench,text,0cb556d7cf357f771e9f671a0336d87b177d43ce64dd6d76a060252f75d55f23,False,20260907,0315e3564afbe408a4100ace5082803f0fd7b950245399bba23acd4d87bc05d3,A.3|smolagents
whowhen,databench_smolagents_0703,databench_smolagents_0703,e637ea6b8a8d6c9460b15b2b8be1d0a770a9eafe53cc133b0c8c6e67fa1f2822,A.3,smolagents,databench,text,574f6928a3d0164424bcbbec1c967e48e928937970e3eeef63c26d0b5a63a1ca,False,20260907,2ef08aee17136925b4d25bf2f0bc60e0b951a2e339ae0cddb8f647acda45eb54,A.3|smolagents
whowhen,dabench_smolagents_0109,dabench_smolagents_0109,e705e2f13a64e657ede0e31f746a732de2ac09d63cc021fa568ebb3be467124d,R.3,smolagents,dabench,text,048407b2a51cef38ea92712b71f42c1925e3e036061e1e399864afbc223ac880,False,20260907,01ed4cfe0394aa67730e30b80934aa40294ecf06aa53d3b8529f5a58ef057a75,R.3|smolagents
whowhen,dsqa_smolagents_0017,dsqa_smolagents_0017,e7327242404af0be93ebc3e5a49f0776096ea287cb77ad55e2a062759e77b421,R.2,smolagents,dsqa,text,116428af39cc9543778b6b3dcbaa3b5b27297f14f45b36caafd1950606aa6537,False,20260907,0c6d8f1fc96d06ef90c1a071fc1ba6da6b8a9ed7f258aad60e505d46f44b3d03,R.2|smolagents
whowhen,databench_smolagents_0385,databench_smolagents_0385,e7853f4dd8bc38fb045edc60e133fa52bf02a068c6e5a8a8979e6437d2ba0b94,A.3,smolagents,databench,text,d59cbc8cbcdd5c3b1d0afc89079f5195687850b0d9b8e70a6d847e3a88b06af4,False,20260907,002f5ac8de5f1a386563251e5dbe90242f6427e625f5d31bf3116690c784fee1,A.3|smolagents
whowhen,alfworld_alfagent_0097,alfworld_alfagent_0097,e8eaafee1d7175462cc4f698c225a6e65d895df38ca8bf4b32a79dd2b06a9083,R.2,alfagent,alfworld,text,1de11bdc9b695d91f7c12b5e474f40b9f2c87716594ffb943619134b5bff6bc9,False,20260907,145a0281084c735c9353edff19257941229f29f71dec72a6f657d827bdfad748,R.2|alfagent
whowhen,humaneval_macnet_0016,humaneval_macnet_0016,e9dc185b699f46e4e4b40b8f5a220c54680b99a4977b6e5fa20394e65e9a3bca,C.3,macnet,humaneval,text,e972fb792e65208a4efcf2585b3ad2e05721ef11fdd05425ee9d384623f2779b,False,20260907,2965353cd5c82cd93d8ca662bca6e46ce95974f328ff75122263c75d9e911728,C.3|macnet
whowhen,mmlu_pro_mathchat_0267,mmlu_pro_mathchat_0267,e9e8973ce536ea89a62cd8562de300753d52388f002087d5d928474b1b4a71f6,R.1,mathchat,mmlu_pro,text,6cffdcd4389da447e3f82afff214e76f5ed12de3b8bb0115072913f29f1980e9,False,20260907,288d2833b181b814bd38003beb2eab362d7ac2f8d4c5b5fa025eeecc575e31fc,R.1|mathchat
whowhen,math_mathchat_0073,math_mathchat_0073,e9fd898dd8e930d10a490c0db6d361a9983dfb269e78b96d1b176092a1736f58,R.4,mathchat,math,text,01d8564893ed97fdf16195aaf76ea4196f95787f24fd479d3a9acb00938861d8,False,20260907,03bbf2c4b939df7a8638dfa9c0552e7336357b5476ad1c6c0cb4d6d7d252938f,R.4|mathchat
whowhen,tablebench_smolagents_0580,tablebench_smolagents_0580,ea9e27208c2c55b5ed00bcf2091f161dd5cafa6ac369070634ebc68cc00cc8e2,A.3,smolagents,tablebench,text,92f9607fb477af259528fd3fe1cf474b093f55561279556b94c938faf5575598,False,20260907,2b0776987d41c9d13cad9feba145441af00e99cba24c79e122e6613e724ea946,A.3|smolagents
whowhen,tablebench_smolagents_0455,tablebench_smolagents_0455,eb965aa8e1f71a117b09c4c14c92d6ea98eb9283bc0b2177578d42f985ca4ad9,A.3,smolagents,tablebench,text,14c169bcc21e6bde17d0296368310d55900fb6cbac9db7b9d1665715daa6365a,False,20260907,0ac4b0f3d019a0caf270207d61dfb926f13edfc76473346912dffac0cc95cfbc,A.3|smolagents
whowhen,alfworld_alfagent_0065,alfworld_alfagent_0065,ebc3d366e1b54b329ca370de2bc7cad339fc1dcf83f277c0d4b0caebb7ac2e6c,A.4,alfagent,alfworld,text,2c1c40211a06b8a0c191e26dec018c29efeab917e5ac4d21b3c9ad2715d134a3,False,20260907,1541a421ae1345969816033cb4b5cf0dd4e1a49269d773709c028a95fe1d721f,A.4|alfagent
whowhen,dabench_smolagents_0327,dabench_smolagents_0327,ec69fa3a657080f1e18dbb35a7c9456c04f45f0c469827de64af1fa95c4b2750,R.3,smolagents,dabench,text,655a830dad9c0c7ec7246b998416a8f1e292626848ea3327f1b82df374f5034d,False,20260907,1ef6f2dd1e2fdf4e568baece4c1ea7a2aa35f8ab322a4297215de436cbc01b70,R.3|smolagents
whowhen,databench_smolagents_0567,databench_smolagents_0567,eca6d60b1edaa7b1e3dd016c2c653e4fe455da420a390cd38c697c7a38e4b5ff,A.3,smolagents,databench,text,b877266a6cf449adcd18aa058a811959a6b10311ff966627a75d90f2b2aed52e,False,20260907,2d7ee0499750905b49d9e1099dbfd54ab9bad38fa22bbfcea5c36c85ac905ccc,A.3|smolagents
whowhen,databench_smolagents_0486,databench_smolagents_0486,ece65cb667e1acee036defc4c245c9144ae0704ffd60d3aa849a4084057649d1,A.3,smolagents,databench,text,2cf2b7ccd3e8f1b3a212f08ab4533ffd5b5c09f6f9ec1463191a14ebb461233b,False,20260907,09dff6735897bba091cf5f46e21055b80c0357158dd318e7db2f0d299fa6659d,A.3|smolagents
whowhen,alfworld_alfagent_0022,alfworld_alfagent_0022,ee7a040cf9d997b7143c9b6d23c5d2a81ab3cb46fc8903dc471ad0c8e7ac6184,R.2,alfagent,alfworld,text,293db2793bf998dec7e8c5fdc76be543c7b3abd863a157f22684831f1ab3152f,False,20260907,09ecc77d9db1c469930976d2f530b63651d0677e76901711af336b651b9013f5,R.2|alfagent
whowhen,scibench_mathchat_0114,scibench_mathchat_0114,eeb0de1938e2fff00b5bb73c9e4872d2d73cfb1683dc7701400a69d6ac02f8f7,R.4,mathchat,scibench,text,72df212b7f9003833b169de55f95cf93eaf35a22e00d5db38518d1d7ca2a675f,False,20260907,0e0b1ed86ae22f77fb9162369d580ed73e70373df5092d532cbb7a16234630fc,R.4|mathchat
whowhen,dacode_smolagents_0141,dacode_smolagents_0141,ef1f98462d84bc38a01dc328326e00da24989b18a5b218e2855268d4560090d2,R.2,smolagents,dacode,text,4771b02684f755e8d82bbdb64b121dd246ba52515600c014223a6365f267cb37,False,20260907,17b59980741682ced53e5a5dbc84e172aa85098c0952d4785a278e399e552e50,R.2|smolagents
whowhen,simpleqa_verified_magentic-one_0158,simpleqa_verified_magentic-one_0158,ef7c62cf4ffad71224bd53d782116ce24b1a7360c1b243e420b4181625ce61c1,R.1,magentic-one,simpleqa_verified,text,99ae25e2ecdb7e085a8d14e4c1efb5d32452cb662f3eface31f5cc85122422af,False,20260907,0387029aa0087141905e14ed040ea66213f1c1239d63d5da93c3daddc1706ef7,R.1|magentic-one
whowhen,tablebench_smolagents_0585,tablebench_smolagents_0585,ef9472e6c5c57941a7c4dd1747ce690e4bd50b64ebdb5fce412ff09dcd957eab,A.3,smolagents,tablebench,text,6fda1a6fcea77a16dcc64a256167b89e2cc8c8d1fa9d4237cfa2cf0c3ec602bc,False,20260907,097532579c986a9dc0005943c3fd80b398fa9b72b772eb5a24f030391b1c3188,A.3|smolagents
whowhen,humaneval_macnet_0011,humaneval_macnet_0011,f2133a2dde67c64d1bb44a6afae75ab9238e63e633b26c41aeae357fd442802a,C.3,macnet,humaneval,text,a09e3b4489251ce04d3f6e58c509037dd364e329870979ca9ac97f3985094d2b,False,20260907,2d3eb123873dadbf383c7394bad719a1dc85a950861c9a0857a391a2f0582a6a,C.3|macnet
whowhen,databench_smolagents_0003,databench_smolagents_0003,f223f2dba0342e7b0a8f401b03b56f1cb9625a5b6c92bdbcc07131223e82b5c8,A.3,smolagents,databench,text,9060ae4539f6a8174afc4ba6f513b2f67134f849a2b92efdace5f5fc3562787d,False,20260907,00a0aebfe4c61d5187742117cd70367185e3df4a4e68dd6e4904bc98be95ac08,A.3|smolagents
whowhen,kramabench_smolagents_0043,kramabench_smolagents_0043,f255a4645ae6f9f78bd68ee6a338b57786717a8b3c92084378c213a453e162af,R.4,smolagents,kramabench,text,296f7f2106bb8d93d05e979dce752697de44389bcc769466da7e10db5b55b357,False,20260907,19b670108a3b11d4dcb32ef9874a4c16a5417381ab76c70bc89b74e07bf7a7d7,R.4|smolagents
whowhen,math_debate_0014,math_debate_0014,f28eb75545e2d63ca66655854ceec7a4405d1b9f771b3a2d3124d3224604fd6e,R.4,debate,math,text,6aadd1708279899fc1e8cdfb06ecd3223579b8cd08e18589ec84da847f5185a9,False,20260907,2c4828d02bc9a9946e5999c845c849893f3d3ed64317e71c0c1573dbb073bc92,R.4|debate
whowhen,simpleqa_verified_magentic-one_0042,simpleqa_verified_magentic-one_0042,f2b12a1836c5d1c3937371530689fda3448ce511485d15b7a42c7927bb9e2bf2,R.1,magentic-one,simpleqa_verified,text,5442813b456c900900049314b32c8cfa5e6c50755da82ed7efa0ae71dc52af65,False,20260907,25b1f04225db234a00cbd9856a45a12a07fce9d67692c180f08a3710b53617b4,R.1|magentic-one
whowhen,dacode_smolagents_0004,dacode_smolagents_0004,f378e03c4201442a11ed23cebed8eeca1adbfcfa2e2267cdd5dbb3cb57799804,A.2,smolagents,dacode,text,77fb08016f0c77ca8502d2f4aeb50c1593c1d831b346fee8e00d000a4dd2f853,False,20260907,2cb435d2dce67be66f118e7a8096971ccb28c95c0d526fb14b991511436c161d,A.2|smolagents
whowhen,math_debate_0034,math_debate_0034,f4b966d4f08aec18c441fd3d0d647cdcbecbc39d75098c0ca8b94f7315ea3f76,R.4,debate,math,text,0893109443f02ec809586d7f80fcc4d14388f1f752a9237d030d497124641a48,False,20260907,0606acb2ca3ddc9995a0d846c86f56c0eca98cf7c77c05a2917023d1978ac7b1,R.4|debate
whowhen,tablebench_smolagents_0880,tablebench_smolagents_0880,f51b58c3192d8b2f21f171d405f3e7ef2edfa61827a5a6e81d8e7b63e970ae08,A.3,smolagents,tablebench,text,dfbdbfe3a87821a5a9e985480ff572e36c8b03f7266997bd085fdb269e5762d2,False,20260907,2c2392e4e03093b03a880160ecd0238c7b12d5a21e83b4fe85816ef074a476a8,A.3|smolagents
whowhen,tablebench_smolagents_0792,tablebench_smolagents_0792,f51bc14faa491c717655bfcb646841b71ca09318b664ce3c73b6b032a1f1ff9d,R.3,smolagents,tablebench,text,1a3e26d8223d55c4649103b7f9362489607697e965e5380ad08e5b13aa50cc3c,False,20260907,09315921c0d4375ad4602f85ba5cdad5866d5a0ae2a7571719a4a8825e286f4e,R.3|smolagents
whowhen,tablebench_smolagents_0675,tablebench_smolagents_0675,f5dab06857bd14d1a4be5eb8c00e0ec9cd73fb8ec858791ea16b9f86b61477bb,A.3,smolagents,tablebench,text,86c83b830986285f930875ee1d2190399af275ae4e739164eae742dece93d8dd,False,20260907,2ebcf415dd1bfc14ee194651de9da82a86c77f7b041d20fb12ae07b405bd86e3,A.3|smolagents
whowhen,math_debate_0007,math_debate_0007,f63331a2470d173906b2bccb06a8f08c9814fe63c0076c5ed8d15ea2d0cbdc84,C.3,debate,math,text,bb23c342c6739534a9c76505fa04a5e9b4f82423de060e3f01679b42c131cbe6,False,20260907,0de31f371bd1284d5c985eafbe2d3dda2935d9c9bb3a8f53ee8c61f2934c71d7,C.3|debate
whowhen,tablebench_smolagents_0433,tablebench_smolagents_0433,f6e22303d4709dd386904e7d140c981a655ce32f6b47300595f8b49d78c0b5b3,A.3,smolagents,tablebench,text,29dd770b95a122e637657bcc3fb9f753feacefb70ceedc55d2dfbe84af2dc82c,False,20260907,0e1cf0c2eb89d84d7d3304405196229a069e665d6c7e79d92c493d6d6fd0c9c7,A.3|smolagents
whowhen,mmlu_pro_mathchat_0020,mmlu_pro_mathchat_0020,f6e817083d4410e7d4d4c4465810701ccdc2ce61591e601acdb96bb7a82bfac2,R.1,mathchat,mmlu_pro,text,27ea0418712202dee5b2f5e4c742faa4049acbcc3fb32eb84330ccba4d7895a6,False,20260907,0e126ac92c4e1a786fc92e18c8e384f591a762e658410d39b473e8eaabc52477,R.1|mathchat
whowhen,simpleqa_verified_magentic-one_0151,simpleqa_verified_magentic-one_0151,f765fa42fc209e7198c4a1560ed961cabf0c61be723f96d0355460cd16a27963,R.4,magentic-one,simpleqa_verified,text,65d86e58516b89e7c983c1bf2c1817c124e7e4a12787f9862dc483d086d56569,False,20260907,03555887d3fb1d4194014b2e3e03f39ae87e29cf8c52bd5b4d608a1c813ac905,R.4|magentic-one
whowhen,tablebench_smolagents_0588,tablebench_smolagents_0588,f7984e40520dd70c29eb64ac5f1f2830a8d9a965b5b1df4b7647ca93544b2818,A.3,smolagents,tablebench,text,4bd2947460f6fa9abb3e675a268708abae58b3e6a7e584772ca379d05e6ff752,False,20260907,0313007da2b8777fcc741c54e913ab5d61d4d03adeefcca336287808fb6818bd,A.3|smolagents
whowhen,dsqa_smolagents_0558,dsqa_smolagents_0558,f8144cefc4060580931ac660aa326e04e54f843027a8e5794175a31763baaa1e,PL.1,smolagents,dsqa,text,629c01fc2ea21032241fcf38134da230d28bf7da5fece61e194dcdf40d0558da,False,20260907,00a10f67617e5e402115a686af5d991efc55d58c25ed77db51459fbf777f578d,PL.1|smolagents
whowhen,databench_smolagents_0138,databench_smolagents_0138,f85f3f574d07d464ba803f76e3112e2d6987c0576eabf1e2aab61fad930c4f4f,A.3,smolagents,databench,text,439ec0714ff6c358c73557191550e8cd0afd8708526cbb236ad3b83dc689eb24,False,20260907,2ed912a97232d0c9a30e71ba15c2108ce745aab1c40e3b2c505c0e0e16e137b8,A.3|smolagents
whowhen,alfworld_alfagent_0155,alfworld_alfagent_0155,f8932b9c097ccbb643740d714079c475509c17c2c205048722a0a4fdbd28e111,R.4,alfagent,alfworld,text,6d6887423d5b80ce0b2f6430ba917452410cf7ad34a293de3b980fe86056cae7,False,20260907,2167a92e5863a1d5b457f19a5dbda8e124758a2a9695c23819f615c7162e4b81,R.4|alfagent
whowhen,tablebench_smolagents_0165,tablebench_smolagents_0165,f8b3a2bd241234374ec1f974dc414e098f80591e4724b750392e09ff03082564,R.3,smolagents,tablebench,text,8adba00cf784c4beaac8b1b6e1379d833743caf05d4e99122fd89bd13ceb16bc,False,20260907,0f041d321de55eb59f51e49ea9b359d28199522670576192db8bbe7eb78939c1,R.3|smolagents
whowhen,dsqa_smolagents_0374,dsqa_smolagents_0374,f92c3e58a8a0bb3e09a6a33225fae61762cb3a952d6b3308ffdbe4cdaf6dd04b,A.3,smolagents,dsqa,text,23dc8cd6bcfb26d8f8477499aabb8fba71d12cfecc7dd01e71a472f8af388fb1,False,20260907,2eb89723cf578ba2bef70c8c7de45af0faa2f42b7f1275060573491f0b3277be,A.3|smolagents
whowhen,scibench_mathchat_0256,scibench_mathchat_0256,f9e59c816db5c5623d97477259d416a267b51f07432e5f8e9da03a7a78326b08,R.4,mathchat,scibench,text,496c506fb1bbf27fe28fcbb5c6682e205a5d5531f9a239448fd70d141fce3657,False,20260907,0e71174e1c6ded3a10b3083b1e263559bdb1ab88877ea906613248f139290808,R.4|mathchat
whowhen,tablebench_smolagents_0665,tablebench_smolagents_0665,fa397414a355318809f7c0969ae1f9cc2e0a2ca42d790702445cf96fd44ad16a,A.2,smolagents,tablebench,text,51f8abe4981d471e80487a2f0704ead3fb0b18bd0449a26aa78255e3e63dd126,False,20260907,148d61d368fc8a7ea82dd3735af642ca4a7cd0a1e77003e60d7530dd4e0983fb,A.2|smolagents
whowhen,databench_smolagents_0625,databench_smolagents_0625,fa798334968e1a28f7c705ea4e00cd4fd04b80137ac5163726d03de2e1ac6ede,A.3,smolagents,databench,text,0c072090949909b2278aaf78babec393a0b938851657099f7df7378d0b5e9026,False,20260907,1774515a319b2c341dd79b23d167b63ea3f5d2974078d41862bb73b9d16fc1bc,A.3|smolagents
whowhen,kramabench_smolagents_0015,kramabench_smolagents_0015,fa7e08cacb06ff8e7c888bb506e60b9ff8f585392f452ecb55edaf81fb28b56e,R.2,smolagents,kramabench,text,29fb55d2d0a7ce76bd733e72c785731d525c532704bd64dd852005cf30394d47,False,20260907,00e09c7e4552d86dd6e15fcaeee827b2e2b5cf5bf24dd2679fdbeec78a485272,R.2|smolagents
whowhen,dacode_smolagents_0071,dacode_smolagents_0071,fb09b5da72059b7467caab7605dc01d5b74450726ed31dc8b65c94c8e680c9c3,R.2,smolagents,dacode,text,526eddfc56cd1faaaaa2e579d578318ba1dc4e975659e290c2774ce41da3ca7b,False,20260907,152dfe5821f153200200d974b91acd5ffb9c180b95cb027eab1328d1c3f62518,R.2|smolagents
whowhen,dsqa_smolagents_0703,dsqa_smolagents_0703,fbaee9e71f215b2760de732661fe2fde15b18517bac4630fa17407a5d271c664,V.1,smolagents,dsqa,text,1d5b5e0a4f4361d83f2900d75031b5913e2fac85209d7a7e878ce6761f882aaf,False,20260907,130824e002e614df0070a39df1d36b58f999cc50128dfaa09c3ca81f0610da19,V.1|smolagents
whowhen,dabench_smolagents_0115,dabench_smolagents_0115,fc49dc4c2d9b114bd6ea9d3823eb8d10a360882bfd6b5d4f6cef9a3be7860370,R.4,smolagents,dabench,text,89c2349fd5bee54535d42e6e2b344e873baa6838fb5511acec0142d961ba00f9,False,20260907,26ad041600966993ad9d834d5b44d18d6feb359a68000f8e082c483ef0adbdc3,R.4|smolagents
whowhen,tablebench_smolagents_0662,tablebench_smolagents_0662,fda7c8d2defa09a3b9a1bbe3e3ca5d1b5ac623c184ef9a34db8d5eb505273235,A.3,smolagents,tablebench,text,20f2a5d406cd0f73cad02f57776322d0d497a7d1f3a1909ae942959efc1f3005,False,20260907,1ee2b9da16c402dc6ff3deab806c27fd287ca24b2abd365264b675ae1e98103d,A.3|smolagents
whowhen,scibench_dylan_0067,scibench_dylan_0067,fdfc0c066a0a5c7ec3c90c9220455196c0d1937c92e8a29714ab50ebfdda55d7,R.2,dylan,scibench,text,7e66b6038f6e5efc3e1b2e457f635afd966d0f9bd68204d5a95dcef32a92eeb8,False,20260907,25fc33261210047910415cfbfb14882c1445db264e69936428ec6ac2769dfa8a,R.2|dylan
whowhen,livecodebench_pro_metagpt_0010,livecodebench_pro_metagpt_0010,fe450d252935cffb22bd8c79ad772f7c7db3f2c204c369775b1dbc74cbb47170,R.4,metagpt,livecodebench_pro,text,6f646131b01cb61b3e7345764f7d09e69f84d0a46d79795be35527d9144a62c1,False,20260907,1918a4f19d63da09ccbf31e77a1ccee7f075bc40598c02740f96b7c3f8e7abde,R.4|metagpt
whowhen,dacode_smolagents_0205,dacode_smolagents_0205,fe7ac361ad44ad8c33d6cef8d27f4f70bd4d3db4dd869170fce0d07298e21b4f,R.4,smolagents,dacode,text,116edfb8d487c267ac55287573710c76758f57b784a0201e8b9ea295f57473fd,False,20260907,208c0d1a1c8276a04b07993ca0ddaaabbe16aaf314440f6a19118acdfd01a635,R.4|smolagents
whowhen,math_mathchat_0235,math_mathchat_0235,feea5528e0360e291035524f2cc24d7cc5e0925062d8ef01a6b0941f58146f2f,R.2,mathchat,math,text,18713c5d7839c2705869e24a82bbcacffac5953125c95910f72db6c8dd126dac,False,20260907,0714103db5c4b878f2ed37862bbb0c86c858b3ca0f53d71c8f7afc2a1498ea3c,R.2|mathchat
whowhen,databench_smolagents_0516,databench_smolagents_0516,ff670df549f74198c5e7d50a70c029dfa0641b1dc85879066de1ce400404eb99,R.3,smolagents,databench,text,45c3e12fb38b39c3bf2843d4afacd4835286f8f9c6057f55bbf6f60046dcc154,False,20260907,239ebb49b53978499b65ca03b9f170234cd3cc8b46d878fc89081df73425a97f,R.3|smolagents
whowhen,dsqa_smolagents_0386,dsqa_smolagents_0386,ffb4b4c1ed612460797d8a4d791adcf6507ab949aa85c887b29faba2ee59acfd,R.1,smolagents,dsqa,text,06a987c306d6cedc2516e67b9515f48ecbdd38b268f55093346d975b3bcb2ba0,False,20260907,26dad56f1bf59ca31ab2c7160fb5548d5e2f095b857fec60ed24182ce8705e4d,R.1|smolagents
whowhen,tablebench_smolagents_0065,tablebench_smolagents_0065,ffc9e50f1a7c5f99ecbb1875d3af590f42aef350317906cdf3816c2f66d4069d,A.3,smolagents,tablebench,text,0b5d875e638412f79f7c6f760492d142b3d5a2f5c14930ff4a4638b4c252c2a0,False,20260907,220caa7fcbfa8083977d5082979797e4fa448060b1e8e329d08fab6761f9621d,A.3|smolagents
